FECHA;CODIGO;PRODUCTO;PRESENTACION;CANTIDAD;UNIDAD;RESPONSABLE 
29/12/2023;SOL_CHUCHO;CHUPETE CHOCOLATE;100ML;253;MILILITROS;ELI SILVA
28/12/2023;PURO_100;PASTA 100%;0.5KG;16;KILOS;ELI SILVA
28/12/2023;PURO_100;PASTA 100%;0.25KG;25;KILOS;ELI SILVA
28/12/2023;PURO_100;PASTA 100%;0.15KG;1;KILOS;ELI SILVA
27/12/2023;PURO_100;PASTA 100%;0.5KG;21;KILOS;ELI SILVA
27/12/2023;PURO_100;PASTA 100%;0.25KG;87;KILOS;ELI SILVA
27/12/2023;PURO_100;PASTA 100%;1KG;20;KILOS;ELI SILVA
20/12/2023;SOL_CHUCHO;CHUPETE CHOCOLATE;100ML;229;MILILITROS;ELI SILVA
20/12/2023;PURO_100;PASTA 100%;0.5KG;7;KILOS;JACKELIN,GELEN
20/12/2023;PURO_100;PASTA 100%;0.25KG;1;KILOS;JACKELIN,GELEN
20/12/2023;PURO_100;PASTA 100%;1KG;19;KILOS;JACKELIN,GELEN
19/12/2023;PURO_100;PASTA 100%;1KG;13;KILOS;JACKELIN,MARIELA
19/12/2023;PURO_100;PASTA 100%;0.5KG;55;KILOS;JACKELIN,MARIELA
19/12/2023;PURO_100;PASTA 100%;0.25KG;34;KILOS;JACKELIN,MARIELA
18/12/2023;OSC_BIT80;BITTER 80%;90G;118;GRAMOS;JACKELIN,MARIELA
18/12/2023;SAB_BLANC;CHOCOLATE BLANCO;20G;182;GRAMOS;JACKELIN,MARIELA
18/12/2023;PURO_100;PASTA 100%;1KG;10;KILOS;JACKELIN,MARIELA
18/12/2023;PURO_100;PASTA 100%;0.5KG;15;KILOS;JACKELIN,MARIELA
18/12/2023;PURO_100;PASTA 100%;0.25KG;11;KILOS;JACKELIN,MARIELA
16/12/2023;SAB_COCO;COCO;90G;35;GRAMOS;JACKELIN,MARIELA
16/12/2023;SAB_COCO;COCO;25G;135;GRAMOS;JACKELIN,MARIELA
16/12/2023;OSC_BIT60;BITTER 60%;1KG;5;KILOS;JACKELIN,MARIELA
16/12/2023;PURO_100;PASTA 100%;90G;11;GRAMOS;JACKELIN,MARIELA
16/12/2023;PURO_100;PASTA 100%;1KG;11;KILOS;JACKELIN,MARIELA
16/12/2023;PURO_100;PASTA 100%;0.5KG;1;KILOS;JACKELIN,MARIELA
16/12/2023;PURO_100;PASTA 100%;0.25KG;23;KILOS;JACKELIN,MARIELA
15/12/2023;SOL_CHUCHO;CHUPETE CHOCOLATE;100ML;229;MILILITROS;JACKELIN, DENIS, GELEN
15/12/2023;PURO_100;PASTA 100%;90G;146;GRAMOS;JACKELIN, DENIS, GELEN
15/12/2023;PURO_100;PASTA 100%;1KG;18;KILOS;JACKELIN, DENIS, GELEN
15/12/2023;PURO_100;PASTA 100%;0.5KG;35;KILOS;JACKELIN, DENIS, GELEN
15/12/2023;PURO_100;PASTA 100%;0.25KG;41;KILOS;JACKELIN, DENIS, GELEN
14/12/2023;SAB_AGUA;AGUAYMANTO;90G;130;GRAMOS;JACKELIN, MARIELA
14/12/2023;PURO_100;PASTA 100%;90G;185;GRAMOS;JACKELIN, DENIS, GELEN
14/12/2023;PURO_100;PASTA 100%;1KG;7;KILOS;JACKELIN, DENIS, GELEN
14/12/2023;PURO_100;PASTA 100%;0.5KG;9;KILOS;JACKELIN, DENIS, GELEN
14/12/2023;PURO_100;PASTA 100%;0.25KG;30;KILOS;JACKELIN, DENIS, GELEN
14/12/2023;PURO_100;PASTA 100%;0.20KG;14;KILOS;JACKELIN, DENIS, GELEN
13/12/2023;SAB_COCO;COCO;90G;45;GRAMOS;JACKELIN, MARIELA, GELEN
13/12/2023;SAB_COCO;COCO;20G;112;GRAMOS;JACKELIN, MARIELA, GELEN
13/12/2023;SUB_CAFE;NIBS DE CAFÉ;90G;5;GRAMOS;JACKELIN, MARIELA, GELEN
13/12/2023;SUB_CAFE;NIBS DE CAFÉ;20G;109;GRAMOS;JACKELIN, MARIELA, GELEN
13/12/2023;OSC_BIT60;BITTER 60%;1KG;2;KILOS;JACKELIN, MARIELA, GELEN
13/12/2023;SAB_NARAN;NARANJA;20G;190;GRAMOS;JACKELIN, MARIELA, GELEN
13/12/2023;SAB_PIŃA;PIŃA;20G;150;GRAMOS;JACKELIN, MARIELA, GELEN
13/12/2023;SAB_SALAM;SAL AMAZONICO;90G;88;GRAMOS;JACKELIN, MARIELA, GELEN
13/12/2023;PURO_100;PASTA 100%;90G;47;GRAMOS;JACKELIN, MARIELA, GELEN
13/12/2023;PURO_100;PASTA 100%;1KG;8;KILOS;JACKELIN, MARIELA, GELEN
13/12/2023;PURO_100;PASTA 100%;0.5KG;30;KILOS;JACKELIN, MARIELA, GELEN
13/12/2023;PURO_100;PASTA 100%;0.25KG;55;KILOS;JACKELIN, MARIELA, GELEN
13/12/2023;PURO_100;PASTA 100%;0.15KG;16;KILOS;JACKELIN, MARIELA, GELEN
12/12/2023;SAB_SALAM;SAL AMAZONICO;90G;42;GRAMOS;JACKELIN, MARIELA
12/12/2023;SAB_AGUA;AGUAYMANTO;90G;64;GRAMOS;JACKELIN, MARIELA
12/12/2023;SAB_AGUA;AGUAYMANTO;50G;1;GRAMOS;JACKELIN, MARIELA
12/12/2023;SAB_AGUA;AGUAYMANTO;20G;20;GRAMOS;JACKELIN, MARIELA
12/12/2023;SAB_AGUA;AGUAYMANTO;16G;16;GRAMOS;JACKELIN, MARIELA
12/12/2023;PURO_100;PASTA 100%;1KG;14;KILOS;JACKELIN, MARIELA
12/12/2023;PURO_100;PASTA 100%;0.15KG;184;KILOS;JACKELIN, MARIELA
12/12/2023;DER_POLVO;POLVO;0.25KG;390;KILOS;JACKELIN, MARIELA
11/12/2023;SAB_COCO;COCO;90G;52;GRAMOS;JACKELIN, MARIELA
11/12/2023;SAB_COCO;COCO;25G;27;GRAMOS;JACKELIN, MARIELA
11/12/2023;SAB_AGUA;AGUAYMANTO;90G;55;GRAMOS;JACKELIN, MARIELA
11/12/2023;SAB_AGUA;AGUAYMANTO;20G;16;GRAMOS;JACKELIN, MARIELA
11/12/2023;PURO_100;PASTA 100%;90G;42;GRAMOS;JACKELIN, MARIELA
11/12/2023;PURO_100;PASTA 100%;1KG;18;KILOS;JACKELIN, MARIELA
11/12/2023;PURO_100;PASTA 100%;0.5KG;34;KILOS;JACKELIN, MARIELA
11/12/2023;PURO_100;PASTA 100%;0.25KG;34;KILOS;JACKELIN, MARIELA
11/12/2023;PURO_100;PASTA 100%;0.20KG;2;KILOS;JACKELIN, MARIELA
10/12/2023;PURO_100;PASTA 100%;90G;256;GRAMOS;JACKELIN, MARIELA
9/12/2023;SAB_BLANC;CHOCOLATE BLANCO;25G;9;GRAMOS;JACKELIN, MARIELA
9/12/2023;SAB_BLANC;CHOCOLATE BLANCO;20G;164;GRAMOS;JACKELIN, MARIELA
8/12/2023;PURO_100;PASTA 100%;90G;471;GRAMOS;JACKELIN, MARIELA, ELI SILVA
7/12/2023;SOL_CHUCHO;CHUPETE CHOCOLATE;100ML;245;MILILITROS;JACKELIN, MARIELA, ELI SILVA
6/12/2023;PURO_100;PASTA 100%;90G ;460;GRAMOS;JACKELIN, ELI
5/12/2023;SAB_LECHE;LECHE;90G;126;GRAMOS;JACKELIN, ELI
5/12/2023;SAB_LECHE;LECHE;50G;6;GRAMOS;JACKELIN, ELI
5/12/2023;SAB_LECHE;LECHE;25G;36;GRAMOS;JACKELIN, ELI
5/12/2023;SAB_LECHE;LECHE;20G;25;GRAMOS;JACKELIN, ELI
5/12/2023;PURO_100;PASTA 100%;90G;236;GRAMOS;JACKELIN, ELI
4/12/2023;SAB_LECHE;LECHE;90G;59;GRAMOS;JACKELIN, MARIELA
4/12/2023;SAB_LECHE;LECHE;50G;8;GRAMOS;JACKELIN, MARIELA
4/12/2023;SAB_LECHE;LECHE;25G;9;GRAMOS;JACKELIN, MARIELA
4/12/2023;OSC_BIT60;BITTER 60%;90G;44;GRAMOS;JACKELIN, MARIELA
4/12/2023;PURO_100;PASTA 100%;90G;50;GRAMOS;JACKELIN, MARIELA
4/12/2023;PURO_100;PASTA 100%;0.25KG;114;KILOS;JACKELIN, MARIELA
4/12/2023;PURO_100;PASTA 100%;0.2KG;4;KILOS;JACKELIN, MARIELA
4/12/2023;DER_MANT;MANTECA;150G;60;UNIDADES;JACKELIN, MARIELA
2/12/2023;PURO_100;PASTA 100%;1KG;4;KILOS;JACKELIN, MARIELA
2/12/2023;PURO_100;PASTA 100%;0.25KG;106;KILOS;JACKELIN, MARIELA
1/12/2023;SAB_LECHE;LECHE;90G;56;GRAMOS;JACKELIN, ELI SILVA
1/12/2023;SAB_LECHE;LECHE;50G;76;GRAMOS;JACKELIN, ELI SILVA
1/12/2023;SAB_LECHE;LECHE;20G;80;GRAMOS;JACKELIN, ELI SILVA
1/12/2023;SAB_CAFELE;CAFÉ CON LECHE;90G;107;GRAMOS;JACKELIN, ELI SILVA
1/12/2023;SAB_CAFELE;CAFÉ CON LECHE;50G;76;GRAMOS;JACKELIN, ELI SILVA
1/12/2023;SAB_CAFELE;CAFÉ CON LECHE;20G;101;GRAMOS;JACKELIN, ELI SILVA
30/11/2023;SOL_CHUCHO;CHUPETE CHOCOLATE;100ML;221;MILILITROS;JACKELIN, ELI SILVA
30/11/2023;SAB_LECHE;LECHE;90G;110;GRAMOS;JACKELIN, ELI SILVA
30/11/2023;SAB_LECHE;LECHE;50G;90;GRAMOS;JACKELIN, ELI SILVA
30/11/2023;SAB_LECHE;LECHE;20G;128;GRAMOS;JACKELIN, ELI SILVA
30/11/2023;SAB_CAFELE;CAFÉ CON LECHE;90G;55;GRAMOS;JACKELIN, ELI SILVA
30/11/2023;SAB_CAFELE;CAFÉ CON LECHE;50G;90;GRAMOS;JACKELIN, ELI SILVA
30/11/2023;SAB_CAFELE;CAFÉ CON LECHE;20G;136;GRAMOS;JACKELIN, ELI SILVA
30/11/2023;BEB_MUCIL;BEBIDA DE MUCILAGO;300ML;114;MILILITROS;JACKELIN, ELI SILVA
29/11/2023;SAB_LECHE;LECHE;90G;55;GRAMOS;JACKELIN, ELI SILVA
29/11/2023;SAB_LECHE;LECHE;50G;158;GRAMOS;JACKELIN, ELI SILVA
29/11/2023;SAB_LECHE;LECHE;20G;62;GRAMOS;JACKELIN, ELI SILVA
29/11/2023;SAB_CAFELE;CAFÉ CON LECHE;90G;54;GRAMOS;JACKELIN, ELI SILVA
29/11/2023;SAB_CAFELE;CAFÉ CON LECHE;20G;25;GRAMOS;JACKELIN, ELI SILVA
29/11/2023;SAB_MLECHE;MANI CON LECHE;25G;117;GRAMOS;JACKELIN, ELI SILVA
29/11/2023;SAB_MLECHE;MANI CON LECHE;20G;56;GRAMOS;JACKELIN, ELI SILVA
29/11/2023;DER_POLVO;POLVO ;0.25KG;198;GRAMOS;JACKELIN, ELI SILVA
28/11/2023;SAB_CAFELE;CAFÉ CON LECHE;90G;115;GRAMOS;JACKELIN, MARIELA, ELI SILVA
28/11/2023;SAB_CAFELE;CAFÉ CON LECHE;25G;135;GRAMOS;JACKELIN, MARIELA, ELI SILVA
28/11/2023;SAB_CAFELE;CAFÉ CON LECHE;20G;103;GRAMOS;JACKELIN, MARIELA, ELI SILVA
28/11/2023;SAB_MLECHE;MANI CON LECHE;25G;162;GRAMOS;JACKELIN, MARIELA, ELI SILVA
28/11/2023;SAB_MLECHE;MANI CON LECHE;20G;56;GRAMOS;JACKELIN, MARIELA, ELI SILVA
27/11/2023;SAB_LECHE;LECHE;90G ;170;GRAMOS;JACKELIN, MARIELA, ELI SILVA
27/11/2023;SAB_LECHE;LECHE;50G;196;GRAMOS;JACKELIN, MARIELA, ELI SILVA
25/11/2023;SAB_SALAM;SAL AMAZONICO;90G ;42;GRAMOS;JACKELIN, MARIELA, ELI SILVA
24/11/2023;DER_MANT;MANTECA;1KG;41.2;KILOS;JACKELIN, MARIELA
23/11/2023;SAB_AGUA;AGUAYMANTO;50G;8;GRAMOS;JACKELIN, MARIELA
23/11/2023;SAB_AGUA;AGUAYMANTO;20G;174;GRAMOS;JACKELIN, MARIELA
23/11/2023;SUB_CAFE;NIBS DE CAFÉ;50G;7;GRAMOS;JACKELIN, MARIELA
23/11/2023;SUB_CAFE;NIBS DE CAFÉ;20G;392;GRAMOS;JACKELIN, MARIELA
23/11/2023;OSC_BIT60;BITTER 60%;20G;58;GRAMOS;JACKELIN, MARIELA
23/11/2023;OSC_BIT60;BITTER 60%;1KG;4;KILOS;JACKELIN, MARIELA
22/11/2023;BEB_MUCIL;BEBIDA DE MUCILAGO;300ML;116;MILILITROS;JACKELIN, MARIELA
21/11/2023;SAB_AGUA;AGUAYMANTO;25G;17;GRAMOS;JACKELIN, MARIELA
21/11/2023;SAB_AGUA;AGUAYMANTO;20G;224;GRAMOS;JACKELIN, MARIELA
21/11/2023;SUB_CACAO;NIBS DE CACAO;20G;201;GRAMOS;JACKELIN, MARIELA
21/11/2023;OSC_BIT60;BITTER 60%;25G;14;GRAMOS;JACKELIN, MARIELA
21/11/2023;OSC_BIT60;BITTER 60%;1KG;6;KILOS;JACKELIN, MARIELA
21/11/2023;SOL_CHUCHO;CHUPETE CHOCOLATE;100ML;254;MILILITROS;JACKELIN, MARIELA
21/11/2023;PURO_100;PASTA 100%;0.2KG ;70;GRAMOS;JACKELIN, MARIELA
21/11/2023;DER_MANT;MANTECA;0.25KG;99;KILOS;JACKELIN, MARIELA
20/11/2023;SAB_LECHE;LECHE;20G ;190;GRAMOS;JACKELIN, MARIELA
20/11/2023;PURO_100;PASTA 100%;0.5KG;34;KILOS;JACKELIN, MARIELA
20/11/2023;PURO_100;PASTA 100%;0.25KG;128;KILOS;JACKELIN, MARIELA
17/11/2023;SAB_COCO;COCO;25G;63;GRAMOS;JACKELIN, MARIELA, ELI SILVA
17/11/2023;SAB_COCO;COCO;20G;208;GRAMOS;JACKELIN, MARIELA, ELI SILVA
17/11/2023;OSC_BIT60;BITTER 60%;50G ;74;GRAMOS;JACKELIN, MARIELA, ELI SILVA
17/11/2023;OSC_BIT60;BITTER 60%;25G;208;GRAMOS;JACKELIN, MARIELA, ELI SILVA
17/11/2023;OSC_BIT60;BITTER 60%;20G;288;GRAMOS;JACKELIN, MARIELA, ELI SILVA
17/11/2023;SAB_BLANC;CHOCOLATE BLANCO;50G;73;GRAMOS;JACKELIN, MARIELA, ELI SILVA
16/11/2023;SUB_CASCA;CASCARILLA;250GR;15;GRAMOS;JACKELIN, MARIELA
16/11/2023;PURO_100;PASTA 100%;0.5KG;41;KILOS;JACKELIN, MARIELA
16/11/2023;PURO_100;PASTA 100%;0.25KG;166;KILOS;JACKELIN, MARIELA
15/11/2023;SAB_COCO;COCO;90G;55;GRAMOS;JACKELIN, MARIELA
15/11/2023;SAB_COCO;COCO;50G;104;GRAMOS;JACKELIN, MARIELA
15/11/2023;SUB_CAFE;NIBS DE CAFÉ;90G;54;GRAMOS;JACKELIN, MARIELA
15/11/2023;SUB_CAFE;NIBS DE CAFÉ;50G;116;GRAMOS;JACKELIN, MARIELA
14/11/2023;SUB_CACAO;NIBS DE CACAO;90G;115;GRAMOS;JACKELIN, MARIELA
14/11/2023;SUB_CACAO;NIBS DE CACAO;50G;100;GRAMOS;JACKELIN, MARIELA
14/11/2023;SOL_CHUCHO;CHUPETE CHOCOLATE;100ML;236;MILILITROS;JACKELIN, MARIELA
14/11/2023;BEB_MUCIL;BEBIDA DE MUCILAGO;300ML;156;MILILITROS;JACKELIN, MARIELA
14/11/2023;DER_POLVO;POLVO;0.25KG;198;KILOS;JACKELIN, MARIELA
13/11/2023;SAB_AGUA;AGUAYMANTO;90G;55;GRAMOS;JACKELIN, MARIELA
13/11/2023;SAB_AGUA;AGUAYMANTO;50G;101;GRAMOS;JACKELIN, MARIELA
13/11/2023;SUB_CACAO;NIBS DE CACAO;90G;55;GRAMOS;JACKELIN, MARIELA
13/11/2023;SUB_CACAO;NIBS DE CACAO;50G;103;GRAMOS;JACKELIN, MARIELA
13/11/2023;OSC_BIT60;BITTER 60%;90G;53;GRAMOS;JACKELIN, MARIELA
3/11/2023;BEB_MUCIL;BEBIDA DE MUCILAGO;300ML;127;MILILITROS;JACKELIN, MARIELA
3/11/2023;PURO_100;PASTA 100%;0.5KG;36;KILOS;JACKELIN, MARIELA
3/11/2023;PURO_100;PASTA 100%;0.25KG;100;KILOS;JACKELIN, MARIELA
3/11/2023;PURO_100;PASTA 100%;0.15KG;150;KILOS;JACKELIN, MARIELA
9/11/2023;SAB_AGUA;AGUAYMANTO;25G;36;GRAMOS;JACKELIN, MARIELA, ELI SILVA
9/11/2023;SAB_AGUA;AGUAYMANTO;20G;112;GRAMOS;JACKELIN, MARIELA, ELI SILVA
9/11/2023;OSC_BIT60;BITTER 60%;25G;90;GRAMOS;JACKELIN, MARIELA, ELI SILVA
9/11/2023;OSC_BIT60;BITTER 60%;20G;86;GRAMOS;JACKELIN, MARIELA, ELI SILVA
9/11/2023;SAB_MLECHE;MANI CON LECHE;20G;50;GRAMOS;JACKELIN, MARIELA, ELI SILVA
8/11/2023;SAB_AGUA;AGUAYMANTO;90G;24;GRAMOS;JACKELIN, MARIELA, ELI SILVA
8/11/2023;SAB_AGUA;AGUAYMANTO;25G;153;GRAMOS;JACKELIN, MARIELA, ELI SILVA
8/11/2023;SOL_CHUCHO;CHUPETE CHOCOLATE;100ML;246;MILILITROS;JACKELIN, MARIELA, ELI SILVA
8/11/2023;INS_TOSTADO;CACAO TOSTADO;0.15KG;35;KILOS;JACKELIN, MARIELA, ELI SILVA
7/11/2023;SAB_COCO;COCO;90G;19;GRAMOS;JACKELIN, MARIELA, ELI SILVA
7/11/2023;SAB_COCO;COCO;50G;72;GRAMOS;JACKELIN, MARIELA, ELI SILVA
7/11/2023;SAB_COCO;COCO;20G;2;GRAMOS;JACKELIN, MARIELA, ELI SILVA
7/11/2023;SUB_CAFE;NIBS DE CAFÉ;90G;16;GRAMOS;JACKELIN, MARIELA, ELI SILVA
7/11/2023;SUB_CAFE;NIBS DE CAFÉ;50G;76;GRAMOS;JACKELIN, MARIELA, ELI SILVA
7/11/2023;PURO_100;PASTA 100%;90G;123;GRAMOS;JACKELIN, MARIELA, ELI SILVA
7/11/2023;PURO_100;PASTA 100%;1KG;17;KILOS;JACKELIN, MARIELA, ELI SILVA
7/11/2023;PURO_100;PASTA 100%;0.5KG;2;KILOS;JACKELIN, MARIELA, ELI SILVA
7/11/2023;PURO_100;PASTA 100%;0.25KG;2;KILOS;JACKELIN, MARIELA, ELI SILVA
6/11/2023;SAB_COCO;COCO;90G;58;GRAMOS;JACKELIN, MARIELA, ELI SILVA
6/11/2023;SAB_COCO;COCO;25G;236;GRAMOS;JACKELIN, MARIELA, ELI SILVA
6/11/2023;PURO_100;PASTA 100%;90G;130;GRAMOS;JACKELIN, MARIELA, ELI SILVA
6/11/2023;PURO_100;PASTA 100%;1KG;28;KILOS;JACKELIN, MARIELA, ELI SILVA
6/11/2023;PURO_100;PASTA 100%;0.5KG;3;KILOS;JACKELIN, MARIELA, ELI SILVA
3/11/2023;BEB_MUCIL;BEBIDA DE MUCILAGO;300ML;127;MILILITROS;JACKELIN, MARIELA
3/11/2023;PURO_100;PASTA 100%;0.5KG;36;KILOS;JACKELIN, MARIELA
3/11/2023;PURO_100;PASTA 100%;0.25KG;100;KILOS;JACKELIN, MARIELA
3/11/2023;PURO_100;PASTA 100%;0.15KG;150;KILOS;JACKELIN, MARIELA
2/11/2023;SUB_CAFE;NIBS DE CAFÉ;90G;106;GRAMOS;JACKELIN, MARIELA
2/11/2023;SUB_CAFE;NIBS DE CAFÉ;25G;72;GRAMOS;JACKELIN, MARIELA
2/11/2023;SUB_CAFE;NIBS DE CAFÉ;20G;159;GRAMOS;JACKELIN, MARIELA
2/11/2023;OSC_BIT60;BITTER 60%;90G;45;GRAMOS;JACKELIN, MARIELA
2/11/2023;OSC_BIT60;BITTER 60%;20G;11;GRAMOS;JACKELIN, MARIELA
2/11/2023;SOL_CHUCHO;CHUPETE CHOCOLATE;100ML;261;MILILITROS;JACKELIN, MARIELA
31/10/2023;SAB_AGUA;AGUAYMANTO;90G;68;GRAMOS;JACKELIN, MARIELA
31/10/2023;SAB_AGUA;AGUAYMANTO;25G;180;GRAMOS;JACKELIN, MARIELA
31/10/2023;SAB_AGUA;AGUAYMANTO;20G;127;GRAMOS;JACKELIN, MARIELA
31/10/2023;SAB_LECHE;LECHE;90G;44;GRAMOS;JACKELIN, MARIELA
31/10/2023;PURO_100;PASTA 100%;90G;60;GRAMOS;JACKELIN, MARIELA
31/10/2023;PURO_100;PASTA 100%;0.25KG;37;KILOS;JACKELIN, MARIELA
31/10/2023;DER_POLVO;POLVO;0.25KG;1930;KILOS;JACKELIN, MARIELA
30/10/2023;PURO_100;PASTA 100%;1KG;19;KILOS;JACKELIN, MARIELA
30/10/2023;PURO_100;PASTA 100%;0.5KG;35;KILOS;JACKELIN, MARIELA
30/10/2023;PURO_100;PASTA 100%;0.25KG;42;KILOS;JACKELIN, MARIELA
27/10/2023;SAB_COCO;COCO;90G;52;GRAMOS;JACKELIN, MARIELA
27/10/2023;SAB_COCO;COCO;50G;4;GRAMOS;JACKELIN, MARIELA
27/10/2023;SUB_CACAO;NIBS DE CACAO;90G;60;GRAMOS;JACKELIN, MARIELA
27/10/2023;SUB_CACAO;NIBS DE CACAO;25G;63;GRAMOS;JACKELIN, MARIELA
27/10/2023;SUB_CACAO;NIBS DE CACAO;20G;223;GRAMOS;JACKELIN, MARIELA
27/10/2023;SUB_CAFE;NIBS DE CAFÉ;90G;55;GRAMOS;JACKELIN, MARIELA
27/10/2023;SUB_CAFE;NIBS DE CAFÉ;25G;5;GRAMOS;JACKELIN, MARIELA
27/10/2023;SUB_CAFE;NIBS DE CAFÉ;20G;8;GRAMOS;JACKELIN, MARIELA
26/10/2023;SUB_CACAO;NIBS DE CACAO;50G;73;GRAMOS;JACKELIN, MARIELA
26/10/2023;SUB_CACAO;NIBS DE CACAO;25G;54;GRAMOS;JACKELIN, MARIELA
26/10/2023;SUB_CAFE;NIBS DE CAFÉ;90G;36;GRAMOS;JACKELIN, MARIELA
26/10/2023;SUB_CAFE;NIBS DE CAFÉ;50G;70;GRAMOS;JACKELIN, MARIELA
26/10/2023;SUB_CAFE;NIBS DE CAFÉ;25G;63;GRAMOS;JACKELIN, MARIELA
26/10/2023;OSC_BIT60;BITTER 60%;90G;163;GRAMOS;JACKELIN, MARIELA
26/10/2023;OSC_BIT60;BITTER 60%;25G;81;GRAMOS;JACKELIN, MARIELA
26/10/2023;BEB_MUCIL;BEBIDA DE MUCILAGO;300ML;140;MILILITROS;JACKELIN, MARIELA
25/10/2023;SUB_CACAO;NIBS DE CACAO;50G;76;GRAMOS;JACKELIN, MARIELA
25/10/2023;SUB_CACAO;NIBS DE CACAO;25G;31;GRAMOS;JACKELIN, MARIELA
25/10/2023;SAB_LECHE;LECHE;90G;21;GRAMOS;JACKELIN, MARIELA
25/10/2023;SUB_CACAO;NIBS DE CACAO;0.25KG;78;KILOS;JACKELIN, MARIELA
25/10/2023;OSC_BIT60;BITTER 60%;25G;9;GRAMOS;JACKELIN, MARIELA
25/10/2023;OSC_BIT60;BITTER 60%;1KG;5;KILOS;JACKELIN, MARIELA
25/10/2023;SOL_CHUCHO;CHUPETE CHOCOLATE;100ML;241;MILILITROS;JACKELIN, MARIELA
25/10/2023;INS_TOSTADO;CACAO TOSTADO;1KG;12;KILOS;JACKELIN, MARIELA
25/10/2023;SUB_CASCA;CASCARILLA;1KG;11;KILOS;JACKELIN, MARIELA
25/10/2023;DER_POLVO;POLVO;0.25KG;390;KILOS;JACKELIN, MARIELA
24/10/2023;SAB_COCO;COCO;50G;105;GRAMOS;JACKELIN, MARIELA
24/10/2023;SAB_COCO;COCO;25G;45;GRAMOS;JACKELIN, MARIELA
24/10/2023;SAB_AGUA;AGUAYMANTO;90G;64;GRAMOS;JACKELIN, MARIELA
24/10/2023;SAB_AGUA;AGUAYMANTO;25G;25;GRAMOS;JACKELIN, MARIELA
24/10/2023;OSC_BIT60;BITTER 60%;90G;126;GRAMOS;JACKELIN, MARIELA
24/10/2023;OSC_BIT60;BITTER 60%;50G;113;GRAMOS;JACKELIN, MARIELA
24/10/2023;OSC_BIT60;BITTER 60%;25G;36;GRAMOS;JACKELIN, MARIELA
24/10/2023;OSC_BIT60;BITTER 60%;20G;2;GRAMOS;JACKELIN, MARIELA
24/10/2023;OSC_BIT60;BITTER 60%;1KG;6;GRAMOS;JACKELIN, MARIELA
23/10/2023;SAB_AGUA;AGUAYMANTO;90G;63;GRAMOS;JACKELIN, MARIELA
23/10/2023;SAB_AGUA;AGUAYMANTO;50G;215;GRAMOS;JACKELIN, MARIELA
23/10/2023;SAB_AGUA;AGUAYMANTO;25G;82;GRAMOS;JACKELIN, MARIELA
20/10/2023;SOL_CHUCHO;CHUPETE CHOCOLATE;100ML;146;MILILITROS;JACKELIN, MARIELA, ELI SILVA
19/10/2023;SAB_MLECHE;MANI CON LECHE;25G;294;GRAMOS;JACKELIN, MARIELA
19/10/2023;SAB_MLECHE;MANI CON LECHE;20G;119;GRAMOS;JACKELIN, MARIELA
18/10/2023;SAB_LECHE;LECHE;90G;124;GRAMOS;JACKELIN, MARIELA
18/10/2023;SAB_LECHE;LECHE;50G ;4;GRAMOS;JACKELIN, MARIELA
18/10/2023;SAB_LECHE;LECHE;20G;560;GRAMOS;JACKELIN, MARIELA
17/10/2023;SAB_CAFELE;CAFÉ CON LECHE;50G;248;GRAMOS;JACKELIN, MARIELA
17/10/2023;SAB_CAFELE;CAFÉ CON LECHE;25G;342;GRAMOS;JACKELIN, MARIELA
16/10/2023;SAB_COCO;COCO;50G;20;GRAMOS;JACKELIN, MARIELA
16/10/2023;SAB_LECHE;LECHE;25G;674;GRAMOS;JACKELIN, MARIELA
16/10/2023;SAB_LECHE;LECHE;20G;16;GRAMOS;JACKELIN, MARIELA
13/10/2023;PURO_100;PASTA 100%;1KG;36;KILOS;JACKELIN, MARIELA
13/10/2023;PURO_100;PASTA 100%;0.5KG;27;KILOS;JACKELIN, MARIELA
13/10/2023;PURO_100;PASTA 100%;0.25KG;40;KILOS;JACKELIN, MARIELA
12/10/2023;SUB_CAFE;NIBS DE CAFÉ;90G;25;GRAMOS;JACKELIN, MARIELA
12/10/2023;SUB_CAFE;NIBS DE CAFÉ;20G;2;GRAMOS;JACKELIN, MARIELA
12/10/2023;SOL_CHUCHO;CHUPETE CHOCOLATE;100ML;241;MILILITROS;JACKELIN, MARIELA
11/10/2023;SAB_SALAM;SAL AMAZONICO;90G;130;GRAMOS;JACKELIN, MARIELA
10/10/2023;SUB_CACAO;NIBS DE CACAO;90G;109;GRAMOS;JACKELIN, MARIELA
10/10/2023;SUB_CACAO;NIBS DE CACAO;50G;11;GRAMOS;JACKELIN, MARIELA
10/10/2023;SUB_CAFE;NIBS DE CAFÉ;90G;55;GRAMOS;JACKELIN, MARIELA
10/10/2023;PURO_100;PASTA 100%;90G;29;GRAMOS;JACKELIN, MARIELA
10/10/2023;PURO_100;PASTA 100%;1KG;12;KILOS;JACKELIN, MARIELA
10/10/2023;PURO_100;PASTA 100%;0.5KG;12;KILOS;JACKELIN, MARIELA
9/10/2023;SUB_CACAO;NIBS DE CACAO;25G;161;GRAMOS;JACKELIN, MARIELA
9/10/2023;SUB_CAFE;NIBS DE CAFÉ;50G;84;GRAMOS;JACKELIN, MARIELA
9/10/2023;SUB_CAFE;NIBS DE CAFÉ;25G;200;GRAMOS;JACKELIN, MARIELA
9/10/2023;OSC_BIT60;BITTER 60%;50G;80;GRAMOS;JACKELIN, MARIELA
9/10/2023;OSC_BIT60;BITTER 60%;25G;52;GRAMOS;JACKELIN, MARIELA
9/10/2023;OSC_BIT60;BITTER 60%;1KG;6;KILOS;JACKELIN, MARIELA
7/10/2023;PURO_100;PASTA 100%;0.5KG;50;KILOS;JACKELIN, MARIELA
7/10/2023;PURO_100;PASTA 100%;0.25KG;27;KILOS;JACKELIN, MARIELA
7/10/2023;PURO_100;PASTA 100%;0.15KG;201;KILOS;JACKELIN, MARIELA
5/10/2023;SAB_LECHE;LECHE;1KG;54;KILOS;JACKELIN, MARIELA
5/10/2023;SAB_NARAN;NARANJA;20G;36;GRAMOS;JACKELIN, MARIELA
5/10/2023;SAB_NARAN;NARANJA;22G;112;GRAMOS;JACKELIN, MARIELA
5/10/2023;BEB_MUCIL;BEBIDA DE MUCILAGO;300ML;93;MILILITROS;JACKELIN, MARIELA
5/10/2023;SOL_CHUCHO;CHUPETE CHOCOLATE;100ML;259;MILILITROS;JACKELIN, MARIELA
4/10/2023;SAB_AGUA;AGUAYMANTO;22G;110;GRAMOS;JACKELIN, MARIELA
4/10/2023;SUB_CAFE;NIBS DE CAFÉ;22G;152;GRAMOS;JACKELIN, MARIELA
4/10/2023;SAB_LECHE;LECHE;1KG;20;KILOS;JACKELIN, MARIELA
4/10/2023;OSC_BIT75;BITTER 75%;22G;132;GRAMOS;JACKELIN, MARIELA
3/10/2023;SAB_LECHE;LECHE;1KG;41;KILOS;JACKELIN, MARIELA
2/10/2023;SAB_LECHE;LECHE;1KG;39;KILOS;JACKELIN, MARIELA
2/10/2023;BEB_MUCIL;BEBIDA DE MUCILAGO;300ML;16;MILILITROS;JACKELIN, MARIELA
30/09/2023;SAB_LECHE;LECHE;1KG;33;KILOS;JACKELIN, MARIELA
29/09/2023;SAB_LECHE;LECHE;1KG;28;KILOS;JACKELIN, MARIELA
28/09/2023;OSC_BIT75;BITTER 75% ;1KG;55;KILOS;JACKELIN, MARIELA, ELIA AQUINO
27/10/2023;SUB_CAFE;NIBS DE CAFÉ;25G;189;GRAMOS;JACKELIN, MARIELA, ELIA AQUINO
27/10/2023;OSC_BIT60;BITTER 60%;50G;52;GRAMOS;JACKELIN, MARIELA, ELIA AQUINO
27/10/2023;OSC_BIT60;BITTER 60%;25G;202;GRAMOS;JACKELIN, MARIELA, ELIA AQUINO
27/10/2023;SOL_CHUCHO;CHUPETE CHOCOLATE;100ML;252;MILILITROS;JACKELIN, MARIELA, ELIA AQUINO
26/09/2023;SUB_CACAO;NIBS DE CACAO;50G;27;GRAMOS;JACKELIN, MARIELA, ELIA AQUINO
26/09/2023;SUB_CACAO;NIBS DE CACAO;20G;231;GRAMOS;JACKELIN, MARIELA, ELIA AQUINO
26/09/2023;SUB_CAFE;NIBS DE CAFÉ;50G;24;GRAMOS;JACKELIN, MARIELA, ELIA AQUINO
26/09/2023;SUB_CAFE;NIBS DE CAFÉ;20G;203;GRAMOS;JACKELIN, MARIELA, ELIA AQUINO
25/09/2023;SAB_COCO;COCO;20G;203;GRAMOS;JACKELIN, MARIELA, ELIA AQUINO
25/09/2023;SAB_AGUA;AGUAYMANTO;20G;208;GRAMOS;JACKELIN, MARIELA, ELIA AQUINO
25/09/2023;OSC_BIT60;BITTER 60%;20G;200;GRAMOS;JACKELIN, MARIELA, ELIA AQUINO
23/09/2023;SUB_CAFE;NIBS DE CAFÉ;90G;2;GRAMOS;JACKELIN, MARIELA, ELIA AQUINO
23/09/2023;SUB_CAFE;NIBS DE CAFÉ;50G;100;GRAMOS;JACKELIN, MARIELA, ELIA AQUINO
23/09/2023;BEB_MUCIL;BEBIDA DE MUCILAGO;300ML;85;MILILITROS;JACKELIN, MARIELA, ELIA AQUINO
22/09/2023;SUB_CACAO;NIBS DE CACAO;90G;54;GRAMOS;JACKELIN, MARIELA, ELIA AQUINO
22/09/2023;SUB_CACAO;NIBS DE CACAO;50G;1;GRAMOS;JACKELIN, MARIELA, ELIA AQUINO
22/09/2023;SUB_CAFE;NIBS DE CAFÉ;90G;48;GRAMOS;JACKELIN, MARIELA, ELIA AQUINO
22/09/2023;SUB_CAFE;NIBS DE CAFÉ;50G;8;GRAMOS;JACKELIN, MARIELA, ELIA AQUINO
22/09/2023;SOL_CHUCHO;CHUPETE CHOCOLATE;100ML;234;MILILITROS;JACKELIN, MARIELA, ELIA AQUINO
22/09/2023;PURO_100;PASTA 100%;90G;70;GRAMOS;JACKELIN, MARIELA, ELIA AQUINO
22/09/2023;PURO_100;PASTA 100%;1KG;3;KILOS;JACKELIN, MARIELA, ELIA AQUINO
22/09/2023;PURO_100;PASTA 100%;0.5KG;25;KILOS;JACKELIN, MARIELA, ELIA AQUINO
22/09/2023;PURO_100;PASTA 100%;0.25KG;74;KILOS;JACKELIN, MARIELA, ELIA AQUINO
21/09/2023;OSC_BIT60;BITTER 60%;90G;81;GRAMOS;JACKELIN, MARIELA, ELIA AQUINO
21/09/2023;OSC_BIT60;BITTER 60%;20G;78;GRAMOS;JACKELIN, MARIELA, ELIA AQUINO
20/09/2023;SAB_LECHE;LECHE;90G;89;GRAMOS;JACKELIN, MARIELA, ELIA AQUINO
20/09/2023;SAB_LECHE;LECHE;50G;11;GRAMOS;JACKELIN, MARIELA, ELIA AQUINO
20/09/2023;SAB_LECHE;LECHE;20G;16;GRAMOS;JACKELIN, MARIELA, ELIA AQUINO
20/09/2023;SAB_CAFELE;CAFÉ CON LECHE;90G;47;GRAMOS;JACKELIN, MARIELA, ELIA AQUINO
20/09/2023;SAB_CAFELE;CAFÉ CON LECHE;50G;36;GRAMOS;JACKELIN, MARIELA, ELIA AQUINO
20/09/2023;SAB_CAFELE;CAFÉ CON LECHE;20G;8;GRAMOS;JACKELIN, MARIELA, ELIA AQUINO
20/09/2023;SAB_MLECHE;MANI CON LECHE;25G;212;GRAMOS;JACKELIN, MARIELA, ELIA AQUINO
20/09/2023;SAB_MLECHE;MANI CON LECHE;20G;88;GRAMOS;JACKELIN, MARIELA, ELIA AQUINO
20/09/2023;SUB_CASCA;CASCARILLA;250GR;5;GRAMOS;JACKELIN, MARIELA, ELIA AQUINO
19/09/2023;SAB_LECHE;LECHE;2.6KG;15;KILOS;JACKELIN, MARIELA, ELIA AQUINO
19/09/2023;SAB_CAFELE;CAFÉ CON LECHE;90G;50;GRAMOS;JACKELIN, MARIELA, ELIA AQUINO
19/09/2023;SAB_CAFELE;CAFÉ CON LECHE;50G;4;GRAMOS;JACKELIN, MARIELA, ELIA AQUINO
19/09/2023;SOL_CHUCHO;CHUPETE CHOCOLATE;100ML;233;MILILITROS;JACKELIN, MARIELA, ELIA AQUINO
19/09/2023;PURO_100;PASTA 100%;90G;99;GRAMOS;JACKELIN, MARIELA, ELIA AQUINO
19/09/2023;PURO_100;PASTA 100%;1KG;7;KILOS;JACKELIN, MARIELA, ELIA AQUINO
19/09/2023;PURO_100;PASTA 100%;0.5KG;73;KILOS;JACKELIN, MARIELA, ELIA AQUINO
19/09/2023;PURO_100;PASTA 100%;0.25KG;93;KILOS;JACKELIN, MARIELA, ELIA AQUINO
18/09/2023;SAB_LECHE;LECHE;2.6KG;30;KILOS;JACKELIN, MARIELA, ELIA AQUINO
18/09/2023;BEB_MUCIL;BEBIDA DE MUCILAGO;300ML;116;MILILITROS;JACKELIN, MARIELA, ELIA AQUINO
16/09/2023;INS_TOSTADO;CACAO TOSTADO;0.15KG;49;KILOS;JACKELIN, MARIELA, ELIA AQUINO
16/09/2023;DER_POLVO;POLVO;0.25KG;396;KILOS;JACKELIN, MARIELA, ELIA AQUINO
4/09/2023;SAB_AGUA;AGUAYMANTO;90G;44;GRAMOS;JACKELIN, MARIELA, ELIA AQUINO
4/09/2023;SAB_AGUA;AGUAYMANTO;25G;54;GRAMOS;JACKELIN, MARIELA, ELIA AQUINO
4/09/2023;SUB_CACAO;NIBS DE CACAO;0.25KG;52;KILOS;JACKELIN, MARIELA, ELIA AQUINO
4/09/2023;OSC_BIT60;BITTER 60%;90G;29;GRAMOS;JACKELIN, MARIELA, ELIA AQUINO
4/09/2023;OSC_BIT60;BITTER 60%;25G;41;GRAMOS;JACKELIN, MARIELA, ELIA AQUINO
4/09/2023;PURO_100;PASTA 100%;1KG;31;KILOS;JACKELIN, MARIELA, ELIA AQUINO
2/09/2023;BEB_MUCIL;BEBIDA DE MUCILAGO;300ML;64;MILILITROS;JACKELIN, ELIA AQUINO
1/09/2023;SAB_AGUA;AGUAYMANTO;90G;130;GRAMOS;JACKELIN, ELIA AQUINO
1/09/2023;SAB_AGUA;AGUAYMANTO;50G;49;GRAMOS;JACKELIN, ELIA AQUINO
1/09/2023;DER_MANT;MANTECA;1KG ;35;KILOS;JACKELIN, ELIA AQUINO
1/09/2023;SOL_CHUCHO;CHUPETE CHOCOLATE;100ML;259;MILILITROS;JACKELIN, ELIA AQUINO
31/08/2023;PURO_100;PASTA 100%;1KG;2;KILOS;DARWIN, GELEN, ELENA
31/08/2023;PURO_100;PASTA 100%;0.5KG;21;KILOS;DARWIN, GELEN, ELENA
31/08/2023;PURO_100;PASTA 100%;0.25KG;26;KILOS;DARWIN, GELEN, ELENA
31/08/2023;PURO_100;PASTA 100%;0.15KG;51;KILOS;DARWIN, GELEN, ELENA
29/08/2023;SUB_CAFE;NIBS DE CAFÉ;20G;161;GRAMOS;ELIA A, YONALA
29/08/2023;SAB_CAFELE;CAFÉ CON LECHE;20G;140;GRAMOS;ELIA A, YONALA
29/08/2023;SAB_CAFELE;CAFÉ CON LECHE;1KG;5;KILOS;ELIA A, YONALA
29/08/2023;PURO_100;PASTA 100%;1KG;22;KILOS;ELIA A, YONALA
29/08/2023;PURO_100;PASTA 100%;0.5KG;2;KILOS;ELIA A, YONALA
29/08/2023;PURO_100;PASTA 100%;0.25KG;37;KILOS;ELIA A, YONALA
28/08/2023;SAB_COCO;COCO;90G;26;GRAMOS;ELIA A, YONALA
28/08/2023;SAB_COCO;COCO;50G;23;GRAMOS;ELIA A, YONALA
28/08/2023;OSC_BIT60;BITTER 60%;90G;68;GRAMOS;ELIA A, YONALA
28/08/2023;OSC_BIT60;BITTER 60%;50G;68;GRAMOS;ELIA A, YONALA
25/08/2023;SAB_LECHE;LECHE;90G;73;GRAMOS;ELIA A, YONALA
25/08/2023;SAB_LECHE;LECHE;20G;180;GRAMOS;ELIA A, YONALA
25/08/2023;SAB_CAFELE;CAFÉ CON LECHE;90G;23;GRAMOS;ELIA A, YONALA
25/08/2023;SAB_CAFELE;CAFÉ CON LECHE;20G;151;GRAMOS;ELIA A, YONALA
25/08/2023;SAB_MLECHE;MANI CON LECHE;25G;203;GRAMOS;ELIA A, YONALA
25/08/2023;SAB_MLECHE;MANI CON LECHE;20G;199;GRAMOS;ELIA A, YONALA
24/08/2023;SAB_LECHE;LECHE;90G;79;GRAMOS;ELIA A, YONALA, ELIA SILVA
24/08/2023;SAB_LECHE;LECHE;50G;86;GRAMOS;ELIA A, YONALA, ELIA SILVA
24/08/2023;SAB_LECHE;LECHE;20G;80;GRAMOS;ELIA A, YONALA, ELIA SILVA
24/08/2023;SAB_CAFELE;CAFÉ CON LECHE;90G;91;GRAMOS;ELIA A, YONALA, ELIA SILVA
24/08/2023;SAB_CAFELE;CAFÉ CON LECHE;50G;80;GRAMOS;ELIA A, YONALA, ELIA SILVA
24/08/2023;SAB_CAFELE;CAFÉ CON LECHE;20G;95;GRAMOS;ELIA A, YONALA, ELIA SILVA
24/08/2023;SUB_CASCA;CASCARILLA;0.5KG;15;KILOS;ELIA A, YONALA, ELIA SILVA
23/08/2023;SAB_LECHE;LECHE;90G;107;GRAMOS;JACKELIN, ELIA A
23/08/2023;SAB_LECHE;LECHE;50G;67;GRAMOS;JACKELIN, ELIA A
23/08/2023;SAB_CAFELE;CAFÉ CON LECHE;90G;52;GRAMOS;JACKELIN, ELIA A
23/08/2023;SAB_CAFELE;CAFÉ CON LECHE;50G;8;GRAMOS;JACKELIN, ELIA A
23/08/2023;BEB_MUCIL;BEBIDA DE MUCILAGO;300ML;14;MILILITROS;JACKELIN, ELIA A
23/08/2023;DER_POLVO;POLVO;0.25KG;190;KILOS;JACKELIN, ELIA A
22/08/2023;SAB_COCO;COCO;90G;46;GRAMOS;JACKELIN, ELIA A
22/08/2023;SAB_SALAM;SAL AMAZONICO;90G;42;GRAMOS;JACKELIN, ELIA A
22/08/2023;SOL_CHUCHO;CHUPETE CHOCOLATE;100ML;259;MILILITROS;JACKELIN, ELIA A
21/08/2023;SAB_AGUA;AGUAYMANTO;90G;52;GRAMOS;JACKELIN, ELIA A
21/08/2023;SAB_AGUA;AGUAYMANTO;50G;11;GRAMOS;JACKELIN, ELIA A
21/08/2023;SUB_CAFE;NIBS DE CAFÉ;90G;32;GRAMOS;JACKELIN, ELIA A
21/08/2023;SUB_CAFE;NIBS DE CAFÉ;50G;2;GRAMOS;JACKELIN, ELIA A
21/08/2023;OSC_BIT60;BITTER 60%;90G;102;GRAMOS;JACKELIN, ELIA A
21/08/2023;OSC_BIT60;BITTER 60%;50G;12;GRAMOS;JACKELIN, ELIA A
21/08/2023;SOL_CHUCHO;CHUPETE CHOCOLATE;100ML;244;MILILITROS;JACKELIN, ELIA A
19/08/2023;SUB_CACAO;NIBS DE CACAO;90G;51;GRAMOS;JACKELIN, ELIA A
19/08/2023;SUB_CACAO;NIBS DE CACAO;50G;7;GRAMOS;JACKELIN, ELIA A
19/08/2023;SUB_CAFE;NIBS DE CAFÉ;90G;51;GRAMOS;JACKELIN, ELIA A
19/08/2023;SUB_CAFE;NIBS DE CAFÉ;50G;12;GRAMOS;JACKELIN, ELIA A
19/08/2023;BEB_MUCIL;BEBIDA DE MUCILAGO;300ML;27;MILILITROS;JACKELIN, ELIA A
18/08/2023;PURO_100;PASTA 100%;1KG;48;KILOS;JACKELIN, ELIA A
18/08/2023;PURO_100;PASTA 100%;0.5KG;13;KILOS;JACKELIN, ELIA A
18/08/2023;PURO_100;PASTA 100%;0.25KG;49;KILOS;JACKELIN, ELIA A
17/08/2023;SUB_CACAO;NIBS DE CACAO;90G;104;GRAMOS;ELIA A, YONALA, ELIA SILVA
17/08/2023;SUB_CACAO;NIBS DE CACAO;50G;8;GRAMOS;ELIA A, YONALA, ELIA SILVA
17/08/2023;SUB_CACAO;NIBS DE CACAO;20G;2;GRAMOS;ELIA A, YONALA, ELIA SILVA
17/08/2023;SUB_CAFE;NIBS DE CAFÉ;90G;52;GRAMOS;ELIA A, YONALA, ELIA SILVA
17/08/2023;SUB_CAFE;NIBS DE CAFÉ;25G;244;GRAMOS;ELIA A, YONALA, ELIA SILVA
17/08/2023;OSC_BIT80;BITTER 80%;90G;52;GRAMOS;ELIA A, YONALA, ELIA SILVA
17/08/2023;BEB_MUCIL;BEBIDA DE MUCILAGO;300ML;82;MILILITROS;ELIA A, YONALA, ELIA SILVA
16/09/2023;SUB_CACAO;NIBS DE CACAO;0.25KG;17;KILOS;JACKELIN, ELIA A
16/09/2023;OSC_BIT80;BITTER 80%;90G;156;GRAMOS;JACKELIN, ELIA A
16/09/2023;OSC_BIT80;BITTER 80%;0.5KG;1;KILOS;JACKELIN, ELIA A
16/09/2023;PURO_100;PASTA 100%;0.5KG;13;KILOS;JACKELIN, ELIA A
15/08/2023;OSC_BIT60;BITTER 60%;90G;10;GRAMOS;JACKELIN, ELIA A
15/08/2023;OSC_BIT60;BITTER 60%;50G;175;GRAMOS;JACKELIN, ELIA A
15/08/2023;OSC_BIT60;BITTER 60%;0.5KG;1;KILOS;JACKELIN, ELIA A
15/08/2023;OSC_BIT80;BITTER 80%;90G;52;GRAMOS;JACKELIN, ELIA A
15/08/2023;OSC_BIT75;BITTER 75%;90G;161;GRAMOS;JACKELIN, ELIA A
14/08/2023;OSC_BIT75;BITTER 75%;90G;251;GRAMOS;JACKELIN, ELIA A
11/08/2023;SAB_COCO;COCO;90G;31;GRAMOS;ELIA A, YONALA, ELIA SILVA
11/08/2023;SAB_COCO;COCO;50G;38;GRAMOS;ELIA A, YONALA, ELIA SILVA
11/08/2023;SAB_COCO;COCO;20G;80;GRAMOS;ELIA A, YONALA, ELIA SILVA
11/08/2023;SAB_AGUA;AGUAYMANTO;90G;44;GRAMOS;ELIA A, YONALA, ELIA SILVA
11/08/2023;SAB_AGUA;AGUAYMANTO;50G;22;GRAMOS;ELIA A, YONALA, ELIA SILVA
11/08/2023;SAB_AGUA;AGUAYMANTO;20G;8;GRAMOS;ELIA A, YONALA, ELIA SILVA
11/08/2023;SUB_CACAO;NIBS DE CACAO;90G;44;GRAMOS;ELIA A, YONALA, ELIA SILVA
11/08/2023;SUB_CACAO;NIBS DE CACAO;50G;18;GRAMOS;ELIA A, YONALA, ELIA SILVA
11/08/2023;SUB_CACAO;NIBS DE CACAO;20G;86;GRAMOS;ELIA A, YONALA, ELIA SILVA
11/08/2023;SUB_CAFE;NIBS DE CAFÉ;90G;44;GRAMOS;ELIA A, YONALA, ELIA SILVA
11/08/2023;SUB_CAFE;NIBS DE CAFÉ;20G;63;GRAMOS;ELIA A, YONALA, ELIA SILVA
11/08/2023;OSC_BIT60;BITTER 60%;90G;44;GRAMOS;ELIA A, YONALA, ELIA SILVA
11/08/2023;OSC_BIT60;BITTER 60%;50G;17;GRAMOS;ELIA A, YONALA, ELIA SILVA
11/08/2023;OSC_BIT60;BITTER 60%;20G;8;GRAMOS;ELIA A, YONALA, ELIA SILVA
10/08/2023;SAB_COCO;COCO;90G;40;GRAMOS;ELIA A, YONALA, ELIA SILVA
10/08/2023;SAB_COCO;COCO;20G;86;GRAMOS;ELIA A, YONALA, ELIA SILVA
10/08/2023;SUB_CAFE;NIBS DE CAFÉ;90G;32;GRAMOS;ELIA A, YONALA, ELIA SILVA
10/08/2023;SUB_CAFE;NIBS DE CAFÉ;50G;11;GRAMOS;ELIA A, YONALA, ELIA SILVA
10/08/2023;SUB_CAFE;NIBS DE CAFÉ;20G;80;GRAMOS;ELIA A, YONALA, ELIA SILVA
10/08/2023;OSC_BIT60;BITTER 60%;90G;52;GRAMOS;ELIA A, YONALA, ELIA SILVA
10/08/2023;OSC_BIT60;BITTER 60%;20G;80;GRAMOS;ELIA A, YONALA, ELIA SILVA
10/08/2023;OSC_BIT60;BITTER 60%;1KG;20;GRAMOS;ELIA A, YONALA, ELIA SILVA
10/08/2023;OSC_BIT75;BITTER 75%;90G;43;GRAMOS;ELIA A, YONALA, ELIA SILVA
10/08/2023;DER_POLVO;POLVO;0.25KG;99;KILOS;ELIA A, YONALA, ELIA SILVA
9/08/2023;PURO_100;PASTA 100%;1KG;37;KILOS;ELIA A, YONALA, ELIA SILVA
9/08/2023;PURO_100;PASTA 100%;0.5KG;38;KILOS;ELIA A, YONALA, ELIA SILVA
9/08/2023;PURO_100;PASTA 100%;0.25KG;48;KILOS;ELIA A, YONALA, ELIA SILVA
9/08/2023;SOL_CHUCHO;CHUPETE CHOCOLATE;100ML;250;MILILITROS;ELIA A, YONALA, ELIA SILVA
15/09/2023;SAB_LECHE;LECHE;90G;97;GRAMOS;JACKELIN, ELIA A, MARIELA
15/09/2023;SAB_LECHE;LECHE;50G;108;GRAMOS;JACKELIN, ELIA A, MARIELA
15/09/2023;SAB_CAFELE;CAFÉ CON LECHE;90G;102;GRAMOS;JACKELIN, ELIA A, MARIELA
15/09/2023;SAB_CAFELE;CAFÉ CON LECHE;50G;124;GRAMOS;JACKELIN, ELIA A, MARIELA
14/09/2023;SAB_AGUA;AGUAYMANTO;90G;51;GRAMOS;JACKELIN, ELIA A, MARIELA
14/09/2023;SAB_AGUA;AGUAYMANTO;50G;19;GRAMOS;JACKELIN, ELIA A, MARIELA
14/09/2023;SAB_LECHE;LECHE;90G;92;GRAMOS;JACKELIN, ELIA A, MARIELA
14/09/2023;SAB_LECHE;LECHE;50G;206;GRAMOS;JACKELIN, ELIA A, MARIELA
13/09/2023;SAB_COCO;COCO;50G;116;GRAMOS;JACKELIN, ELIA A, MARIELA
13/09/2023;SUB_CACAO;NIBS DE CACAO;90G;3;GRAMOS;JACKELIN, ELIA A, MARIELA
13/09/2023;SUB_CACAO;NIBS DE CACAO;50G;112;GRAMOS;JACKELIN, ELIA A, MARIELA
13/09/2023;SAB_SALAM;SAL AMAZONICO;90G;126;GRAMOS;JACKELIN, ELIA A, MARIELA
12/09/2023;SAB_COCO;COCO;90G;157;GRAMOS;JACKELIN, ELIA A, MARIELA
12/09/2023;SAB_COCO;COCO;25G;326;GRAMOS;JACKELIN, ELIA A, MARIELA
12/09/2023;SUB_CAFE;NIBS DE CAFÉ;90G;15;GRAMOS;JACKELIN, ELIA A, MARIELA
12/09/2023;SUB_CAFE;NIBS DE CAFÉ;25G;147;GRAMOS;JACKELIN, ELIA A, MARIELA
11/09/2023;SUB_CACAO;NIBS DE CACAO;90G;155;GRAMOS;JACKELIN, ELIA A, MARIELA
11/09/2023;SUB_CACAO;NIBS DE CACAO;50G;12;GRAMOS;JACKELIN, ELIA A, MARIELA
11/09/2023;SUB_CACAO;NIBS DE CACAO;25G;251;GRAMOS;JACKELIN, ELIA A, MARIELA
9/09/2023;SAB_AGUA;AGUAYMANTO;90G;1;GRAMOS;JACKELIN, ELIA A, MARIELA
9/09/2023;SAB_AGUA;AGUAYMANTO;50G;104;GRAMOS;JACKELIN, ELIA A, MARIELA
9/09/2023;SUB_CAFE;NIBS DE CAFÉ;90G;95;GRAMOS;JACKELIN, ELIA A, MARIELA
9/09/2023;SUB_CAFE;NIBS DE CAFÉ;50G;52;GRAMOS;JACKELIN, ELIA A, MARIELA
8/09/2023;SAB_AGUA;AGUAYMANTO;90G;155;GRAMOS;JACKELIN, ELIA A, MARIELA
8/09/2023;SAB_AGUA;AGUAYMANTO;50G;20;GRAMOS;JACKELIN, ELIA A, MARIELA
8/09/2023;SAB_AGUA;AGUAYMANTO;25G;370;GRAMOS;JACKELIN, ELIA A, MARIELA
8/09/2023;SAB_AGUA;AGUAYMANTO;20G;72;GRAMOS;JACKELIN, ELIA A, MARIELA
8/09/2023;OSC_BIT60;BITTER 60%;25G;171;GRAMOS;JACKELIN, ELIA A, MARIELA
8/09/2023;OSC_BIT60;BITTER 60%;20G;24;GRAMOS;JACKELIN, ELIA A, MARIELA
7/09/2023;SOL_CHUCHO;CHUPETE CHOCOLATE;100ML;268;MILILITROS;JACKELIN, ELIA A, MARIELA
6/09/2023;PURO_100;PASTA 100%;1KG;49;KILOS;JACKELIN, ELIA A, MARIELA
6/09/2023;SOL_CHUCHO;CHUPETE CHOCOLATE;100ML;258;MILILITROS;JACKELIN, ELIA A, MARIELA
5/09/2023;SAB_COCO;COCO;90G;29;GRAMOS;JACKELIN, ELIA A, MARIELA
5/09/2023;SAB_COCO;COCO;25G;18;GRAMOS;JACKELIN, ELIA A, MARIELA
5/09/2023;SAB_AGUA;AGUAYMANTO;90G;51;GRAMOS;JACKELIN, ELIA A, MARIELA
5/09/2023;SAB_AGUA;AGUAYMANTO;50G;2;GRAMOS;JACKELIN, ELIA A, MARIELA
5/09/2023;SAB_AGUA;AGUAYMANTO;25G;18;GRAMOS;JACKELIN, ELIA A, MARIELA
5/09/2023;PURO_100;PASTA 100%;1KG;19;KILOS;JACKELIN, ELIA A, MARIELA
8/08/2023;SAB_COCO;COCO;90G;8;GRAMOS;JACKELIN, ELIA A, MARIELA
8/08/2023;SAB_COCO;COCO;20G;36;GRAMOS;JACKELIN, ELIA A, MARIELA
8/08/2023;SAB_AGUA;AGUAYMANTO;90G;21;GRAMOS;JACKELIN, ELIA A, MARIELA
8/08/2023;SAB_AGUA;AGUAYMANTO;50G ;4;GRAMOS;JACKELIN, ELIA A, MARIELA
8/08/2023;SAB_AGUA;AGUAYMANTO;25G;1;GRAMOS;JACKELIN, ELIA A, MARIELA
8/08/2023;SAB_AGUA;AGUAYMANTO;20G;56;GRAMOS;JACKELIN, ELIA A, MARIELA
8/08/2023;OSC_BIT60;BITTER 60%;90G;6;GRAMOS;JACKELIN, ELIA A, MARIELA
8/08/2023;OSC_BIT60;BITTER 60%;25G;54;GRAMOS;JACKELIN, ELIA A, MARIELA
8/08/2023;OSC_BIT60;BITTER 60%;20G;56;GRAMOS;JACKELIN, ELIA A, MARIELA
7/08/2023;SAB_NARAN;NARANJA;50G;92;GRAMOS;JACKELIN, ELIA SILVA
7/08/2023;SUB_CACAO;NIBS DE CACAO;90G;24;GRAMOS;JACKELIN, ELIA SILVA
7/08/2023;SUB_CACAO;NIBS DE CACAO;50G ;64;GRAMOS;JACKELIN, ELIA SILVA
7/08/2023;SUB_CACAO;NIBS DE CACAO;20G;39;GRAMOS;JACKELIN, ELIA SILVA
7/08/2023;SUB_CAFE;NIBS DE CAFÉ;90G;45;GRAMOS;JACKELIN, ELIA SILVA
7/08/2023;SUB_CAFE;NIBS DE CAFÉ;50G ;20;GRAMOS;JACKELIN, ELIA SILVA
7/08/2023;SAB_SALAM;SAL AMAZONICO;50G;44;GRAMOS;JACKELIN, ELIA SILVA
5/08/2023;BEB_MUCIL;BEBIDA DE MUCILAGO;300ML;112;MILILITROS;JACKELIN, ELIA SILVA
5/08/2023;SAB_COCO;COCO;90G;45;GRAMOS;JACKELIN, ELIA SILVA
5/08/2023;SAB_COCO;COCO;50G;24;GRAMOS;JACKELIN, ELIA SILVA
5/08/2023;SUB_CAFE;NIBS DE CAFÉ;90G;14;GRAMOS;JACKELIN, ELIA SILVA
5/08/2023;SUB_CAFE;NIBS DE CAFÉ;50G;164;GRAMOS;JACKELIN, ELIA SILVA
3/08/2023;OSC_BIT80;BITTER 80%;90G;39;GRAMOS;JACKELIN
3/08/2023;DER_MANT;MANTECA;1KG;56;KILOS;JACKELIN
3/08/2023;DER_POLVO;POLVO;0.25KG;225;KILOS;JACKELIN
2/08/2023;OSC_BIT75;BITTER 75%;90G;39;GRAMOS;JACKELIN, ELIA 
1/08/2023;SOL_CHUCHO;CHUPETE CHOCOLATE;100ML;251;MILILITROS;JACKELIN, ELIA 
31/07/2023;PURO_100;PASTA 100%;1KG;9;KILOS;JACKELIN, ELIA 
31/07/2023;PURO_100;PASTA 100%;0.5KG;10;KILOS;JACKELIN, ELIA 
31/07/2023;PURO_100;PASTA 100%;0.25KG;41;KILOS;JACKELIN, ELIA 
31/07/2023;PURO_100;PASTA 100%;0.2KG ;5;KILOS;JACKELIN, ELIA 
27/07/2023;SAB_COCO;COCO;90G;50;GRAMOS;JACKELIN, ELIA A, ELIA S
27/07/2023;SAB_COCO;COCO;25G;330;GRAMOS;JACKELIN, ELIA A, ELIA S
27/07/2023;SAB_COCO;COCO;20G;97;GRAMOS;JACKELIN, ELIA A, ELIA S
27/07/2023;SAB_AGUA;AGUAYMANTO;90G;14;GRAMOS;JACKELIN, ELIA A, ELIA S
27/07/2023;SAB_AGUA;AGUAYMANTO;50G;4;GRAMOS;JACKELIN, ELIA A, ELIA S
27/07/2023;SAB_AGUA;AGUAYMANTO;25G;144;GRAMOS;JACKELIN, ELIA A, ELIA S
27/07/2023;SUB_CAFE;NIBS DE CAFÉ;90G;45;GRAMOS;JACKELIN, ELIA A, ELIA S
27/07/2023;SUB_CAFE;NIBS DE CAFÉ;50G;3;GRAMOS;JACKELIN, ELIA A, ELIA S
27/07/2023;SUB_CAFE;NIBS DE CAFÉ;25G;171;GRAMOS;JACKELIN, ELIA A, ELIA S
27/07/2023;SUB_CAFE;NIBS DE CAFÉ;20G;80;GRAMOS;JACKELIN, ELIA A, ELIA S
27/07/2023;OSC_BIT60;BITTER 60%;90G;41;GRAMOS;JACKELIN, ELIA A, ELIA S
27/07/2023;OSC_BIT60;BITTER 60%;50G;4;GRAMOS;JACKELIN, ELIA A, ELIA S
27/07/2023;OSC_BIT60;BITTER 60%;25G;2;GRAMOS;JACKELIN, ELIA A, ELIA S
27/07/2023;OSC_BIT60;BITTER 60%;20G;40;GRAMOS;JACKELIN, ELIA A, ELIA S
27/07/2023;SOL_CHUCHO;CHUPETE CHOCOLATE;100ML;257;MILILITROS;JACKELIN, ELIA A, ELIA S
26/07/2023;SAB_COCO;COCO;90G;43;GRAMOS;JACKELIN, ELIA A, ELIA S
26/07/2023;SAB_COCO;COCO;50G;8;GRAMOS;JACKELIN, ELIA A, ELIA S
26/07/2023;SAB_COCO;COCO;20G;40;GRAMOS;JACKELIN, ELIA A, ELIA S
26/07/2023;SAB_AGUA;AGUAYMANTO;90G;18;GRAMOS;JACKELIN, ELIA A, ELIA S
26/07/2023;SAB_AGUA;AGUAYMANTO;50G;64;GRAMOS;JACKELIN, ELIA A, ELIA S
26/07/2023;SAB_AGUA;AGUAYMANTO;20G;28;GRAMOS;JACKELIN, ELIA A, ELIA S
26/07/2023;SOL_CHUCHO;CHUPETE CHOCOLATE;100ML;267;MILILITROS;JACKELIN, ELIA A, ELIA S
26/07/2023;PURO_100;PASTA 100%;1K;18;KILOS;JACKELIN, ELIA A, ELIA S
26/07/2023;PURO_100;PASTA 100%;0.5KG;19;KILOS;JACKELIN, ELIA A, ELIA S
26/07/2023;PURO_100;PASTA 100%;0.25KG;50;KILOS;JACKELIN, ELIA A, ELIA S
25/07/2023;SAB_COCO;COCO;90G;45;GRAMOS;JACKELIN, ELIA
25/07/2023;SAB_COCO;COCO;50G;21;GRAMOS;JACKELIN, ELIA
25/07/2023;SUB_CAFE;NIBS DE CAFÉ;90G;45;GRAMOS;JACKELIN, ELIA
25/07/2023;SUB_CAFE;NIBS DE CAFÉ;50G;24;GRAMOS;JACKELIN, ELIA
24/07/2023;SAB_AGUA;AGUAYMANTO;90G;1;GRAMOS;JACKELIN, ELIA
24/07/2023;SAB_AGUA;AGUAYMANTO;25G;171;GRAMOS;JACKELIN, ELIA
24/07/2023;OSC_BIT60;BITTER 60%;90G;44;GRAMOS;JACKELIN, ELIA
24/07/2023;OSC_BIT60;BITTER 60%;25G;159;GRAMOS;JACKELIN, ELIA
24/07/2023;OSC_BIT60;BITTER 60%;1KG;3;KILOS;JACKELIN, ELIA
22/07/2023;SUB_CACAO;NIBS DE CACAO;90G;65;GRAMOS;JACKELIN, ELIA
22/07/2023;SUB_CACAO;NIBS DE CACAO;50G;88;GRAMOS;JACKELIN, ELIA
21/07/2023;SAB_AGUA;AGUAYMANTO;90G;134;GRAMOS;JACKELIN, ELIA
21/07/2023;SAB_AGUA;AGUAYMANTO;50G;60;GRAMOS;JACKELIN, ELIA
21/07/2023;SOL_CHUCHO;CHUPETE CHOCOLATE;100ML;225;MILILITROS;JACKELIN, ELIA
21/07/2023;OSC_BIT60;BITTER 60%;90G;29;GRAMOS;JACKELIN, ELIA
21/07/2023;OSC_BIT60;BITTER 60%;50G;126;GRAMOS;JACKELIN, ELIA
21/07/2023;OSC_BIT60;BITTER 60%;1KG;2;KILOS;JACKELIN, ELIA
20/07/2023;OSC_BIT60;BITTER 60%;50G;4;GRAMOS;JACKELIN, ELIA
20/07/2023;OSC_BIT60;BITTER 60%;1KG;11;KILOS;JACKELIN, ELIA
18/07/2023;SAB_MLECHE;MANI CON LECHE;25G;233;GRAMOS;JACKELIN, ELIA
18/07/2023;SAB_MLECHE;MANI CON LECHE;20G;873;GRAMOS;JACKELIN, ELIA
17/07/2023;BEB_MUCIL;BEBIDA DE MUCILAGO;300ML;30;MILILITROS;JACKELIN, ELIA
14/07/2023;SAB_CAFELE;CAFÉ CON LECHE;90G;96;GRAMOS;JACKELIN, ELIA
14/07/2023;SAB_CAFELE;CAFÉ CON LECHE;50G;8;GRAMOS;JACKELIN, ELIA
14/07/2023;SAB_CAFELE;CAFÉ CON LECHE;25G;633;GRAMOS;JACKELIN, ELIA
14/07/2023;DER_POLVO;POLVO;0.25KG;99;KILOS;JACKELIN, ELIA
12/07/2023;SOL_CHUCHO;CHUPETE CHOCOLATE;100ML;222;MILILITROS;JACKELIN, ELIA
12/07/2023;SAB_LECHE;LECHE;90G;69;GRAMOS;JACKELIN, ELIA
12/07/2023;SAB_LECHE;LECHE;25G;355;GRAMOS;JACKELIN, ELIA
12/07/2023;SAB_CAFELE;CAFÉ CON LECHE;90G;11;GRAMOS;JACKELIN, ELIA
12/07/2023;SAB_CAFELE;CAFÉ CON LECHE;25G;117;GRAMOS;JACKELIN, ELIA
11/07/2023;SAB_LECHE;LECHE;90G;59;GRAMOS;JACKELIN, ELIA
11/07/2023;SAB_LECHE;LECHE;25G;173;GRAMOS;JACKELIN, ELIA
10/07/2023;SUB_CACAO;NIBS DE CACAO;50G;16;GRAMOS;JACKELIN, ELIA
10/07/2023;SUB_CACAO;NIBS DE CACAO;20G;208;GRAMOS;JACKELIN, ELIA
10/07/2023;SUB_CAFE;NIBS DE CAFÉ;50G;20;GRAMOS;JACKELIN, ELIA
10/07/2023;SUB_CAFE;NIBS DE CAFÉ;20G;208;GRAMOS;JACKELIN, ELIA
8/07/2023;OSC_BIT60;BITTER 60%;90G;31;GRAMOS;JACKELIN, ELIA
8/07/2023;OSC_BIT60;BITTER 60%;1KG;10;KILOS;JACKELIN, ELIA
7/07/2023;SUB_CACAO;NIBS DE CACAO;90G;45;GRAMOS;JACKELIN, ELIA
7/07/2023;SUB_CACAO;NIBS DE CACAO;20G;176;GRAMOS;JACKELIN, ELIA
7/07/2023;SUB_CAFE;NIBS DE CAFÉ;90G;55;GRAMOS;JACKELIN, ELIA
7/07/2023;SUB_CAFE;NIBS DE CAFÉ;20G;221;GRAMOS;JACKELIN, ELIA
7/07/2023;BEB_MUCIL;BEBIDA DE MUCILAGO;300ML;136;MILILITROS;JACKELIN, ELIA
6/07/2023;SAB_COCO;COCO;90G;40;GRAMOS;JACKELIN, ELIA
6/07/2023;SAB_COCO;COCO;50G;158;GRAMOS;JACKELIN, ELIA
6/07/2023;SAB_AGUA;AGUAYMANTO;90G;45;GRAMOS;JACKELIN, ELIA
6/07/2023;SAB_AGUA;AGUAYMANTO;50G;105;GRAMOS;JACKELIN, ELIA
6/07/2023;DER_POLVO;POLVO;1KG;8;KILOS;JACKELIN, ELIA
6/07/2023;DER_POLVO;POLVO;0.25KG;34;KILOS;JACKELIN, ELIA
5/07/2023;SAB_BLANC;CHOCOLATE BLANCO;1KG;9;KILOS;JACKELIN, ELIA
5/07/2023;SAB_BLANC;CHOCOLATE BLANCO;0.18KG;208;KILOS;JACKELIN, ELIA
3/07/2023;SOL_CHUCHO;CHUPETE CHOCOLATE;100ML;237;MILILITROS;JACKELIN, ELIA
2/07/2023;SOL_CHUCHO;CHUPETE CHOCOLATE;100ML;343;MILILITROS;JOEL,ELIA
27/06/2023;OSC_BIT75;BITTER 75%;1KG;1;KILOS;JOEL,ELIA
27/06/2023;PURO_100;PASTA 100%;1KG;7;KILOS;JOEL,ELIA
27/06/2023;PURO_100;PASTA 100%;0.5KG;3;KILOS;JOEL,ELIA
27/06/2023;PURO_100;PASTA 100%;0.25KG;44;KILOS;JOEL,ELIA
27/06/2023;DER_POLVO;POLVO;0.25KG;99;KILOS;JOEL,ELIA
23/06/2023;BEB_MUCIL;BEBIDA DE MUCILAGO;300ML;112;MILILITROS;JOEL,ELIA
23/06/2023;OSC_BIT60;BITTER 60%;50G;72;GRAMOS;JOEL,ELIA
22/06/2023;PURO_100;PASTA 100%;1KG;12;KILOS;JACKELIN
22/06/2023;PURO_100;PASTA 100%;0.5KG;36;KILOS;JACKELIN
22/06/2023;PURO_100;PASTA 100%;0.25KG;15;KILOS;JACKELIN
21/06/2023;PURO_100;PASTA 100%;1KG;11;KILOS;JACKELIN
21/06/2023;PURO_100;PASTA 100%;0.25KG;74;KILOS;JACKELIN
21/06/2023;DER_MANT;MANTECA;1KG;11;KILOS;JACKELIN
21/06/2023;DER_POLVO;POLVO;0.25KG;198;KILOS;JACKELIN
20/06/2023;SAB_COCO;COCO;90G;44;GRAMOS;JACKELIN,ELIA
20/06/2023;SAB_COCO;COCO;50G;1;GRAMOS;JACKELIN,ELIA
20/06/2023;SUB_CACAO;NIBS DE CACAO;0.25KG;40;KILOS;JACKELIN,ELIA
20/06/2023;SUB_CAFE;NIBS DE CAFÉ;90G;11;GRAMOS;JACKELIN,ELIA
20/06/2023;SUB_CAFE;NIBS DE CAFÉ;20G;1;GRAMOS;JACKELIN,ELIA
20/06/2023;OSC_BIT60;BITTER 60%;90G;16;GRAMOS;JACKELIN,ELIA
20/06/2023;OSC_BIT60;BITTER 60%;50G;1;GRAMOS;JACKELIN,ELIA
20/06/2023;DER_MANT;MANTECA;0.15KG;11;KILOS;JACKELIN,ELIA
19/06/2023;SUB_CACAO;NIBS DE CACAO;90G;91;GRAMOS;JACKELIN,ELIA
19/06/2023;SUB_CACAO;NIBS DE CACAO;50G;45;GRAMOS;JACKELIN,ELIA
19/06/2023;SUB_CAFE;NIBS DE CAFÉ;90G;45;GRAMOS;JACKELIN,ELIA
19/06/2023;SUB_CAFE;NIBS DE CAFÉ;50G;19;GRAMOS;JACKELIN,ELIA
17/06/2023;SAB_AGUA;AGUAYMANTO;20G;152;GRAMOS;JACKELIN,ELIA
16/06/2023;SAB_AGUA;AGUAYMANTO;90G;25;GRAMOS;JACKELIN,ELIA
16/06/2023;SAB_AGUA;AGUAYMANTO;50G;4;GRAMOS;JACKELIN,ELIA
16/06/2023;SAB_AGUA;AGUAYMANTO;25G;296;GRAMOS;JACKELIN,ELIA
16/06/2023;SAB_AGUA;AGUAYMANTO;20G;296;GRAMOS;JACKELIN,ELIA
16/06/2023;SUB_CACAO;NIBS DE CACAO;90G;31;GRAMOS;JACKELIN,ELIA
16/06/2023;SUB_CACAO;NIBS DE CACAO;25G;75;GRAMOS;JACKELIN,ELIA
16/06/2023;OSC_BIT60;BITTER 60%;90G;38;GRAMOS;JACKELIN,ELIA
16/06/2023;OSC_BIT60;BITTER 60%;25G;135;GRAMOS;JACKELIN,ELIA
16/06/2023;BEB_MUCIL;BEBIDA DE MUCILAGO;300ML;33;MILILITROS;JACKELIN,ELIA
15/06/2023;SAB_COCO;COCO;90G;43;GRAMOS;JACKELIN,ELIA
15/06/2023;SAB_COCO;COCO;20G;56;GRAMOS;JACKELIN,ELIA
15/06/2023;SAB_AGUA;AGUAYMANTO;20G;42;GRAMOS;JACKELIN,ELIA
15/06/2023;SUB_CAFE;NIBS DE CAFÉ;90G;26;GRAMOS;JACKELIN,ELIA
15/06/2023;SUB_CAFE;NIBS DE CAFÉ;20G;253;GRAMOS;JACKELIN,ELIA
15/06/2023;OSC_BIT60;BITTER 60%;90G;46;GRAMOS;JACKELIN,ELIA
15/06/2023;OSC_BIT60;BITTER 60%;20G;39;GRAMOS;JACKELIN,ELIA
14/06/2023;SAB_COCO;COCO;90G;7;GRAMOS;JACKELIN,ELIA
14/06/2023;SAB_COCO;COCO;20G;92;GRAMOS;JACKELIN,ELIA
14/06/2023;OSC_BIT60;BITTER 60%;90G;4;GRAMOS;JACKELIN,ELIA
14/06/2023;OSC_BIT60;BITTER 60%;20G;191;GRAMOS;JACKELIN,ELIA
13/06/2023;SAB_AGUA;AGUAYMANTO;50G;36;GRAMOS;JACKELIN,ELIA
13/06/2023;SAB_AGUA;AGUAYMANTO;25G;90;GRAMOS;JACKELIN,ELIA
13/06/2023;SOL_CHUCHO;CHUPETE CHOCOLATE;100ML;141;MILILITROS;JACKELIN,ELIA
13/06/2023;SOL_CHUCHO;CHUPETE CHOCOLATE;100ML;251;MILILITROS;JACKELIN,ELIA
13/06/2023;OSC_BIT80;BITTER 80%;1KG;180;KILOS;JACKELIN,ELIA
13/06/2023;OSC_BIT80;BITTER 80%;0.5KG;1;KILOS;JACKELIN,ELIA
6/12/2023;SOL_CHUCHO;CHUPETE CHOCOLATE;100ML;266;MILILITROS;JACKELIN,ELIA
6/12/2023;SOL_CHUCHO;CHUPETE CHOCOLATE;100ML;240;MILILITROS;JACKELIN,ELIA
6/12/2023;SAB_CAFELE;CAFÉ CON LECHE;1KG;1;KILOS;JACKELIN,ELIA
6/12/2023;SAB_CAFELE;CAFÉ CON LECHE;0.5KG;1;KILOS;JACKELIN,ELIA
6/12/2023;SAB_BLANC;CHOCOLATE BLANCO;20G;23;GRAMOS;JACKELIN,ELIA
6/12/2023;SAB_SALAM;SAL AMAZONICO;90G;87;GRAMOS;JACKELIN,ELIA
6/12/2023;DER_POLVO;POLVO;0.25KG;99;KILOS;JACKELIN,ELIA
6/10/2023;SUB_CACAO;NIBS DE CACAO;0.25KG;34;KILOS;JACKELIN,ELIA
6/10/2023;SAB_SALAM;SAL AMAZONICO;90G;75;GRAMOS;JACKELIN,ELIA
6/09/2023;SAB_AGUA;AGUAYMANTO;20G;187;GRAMOS;JACKELIN,ELIA
6/09/2023;SUB_CACAO;NIBS DE CACAO;90G;2;GRAMOS;JACKELIN,ELIA
6/09/2023;SUB_CACAO;NIBS DE CACAO;50G;6;GRAMOS;JACKELIN,ELIA
6/09/2023;SUB_CACAO;NIBS DE CACAO;20G;174;GRAMOS;JACKELIN,ELIA
6/09/2023;SAB_NARAN;NARANJA;20G;190;GRAMOS;JACKELIN,ELIA
6/09/2023;BEB_MUCIL;BEBIDA DE MUCILAGO;300ML;82;MILILITROS;JACKELIN,ELIA
6/08/2023;SAB_COCO;COCO;90G;3;GRAMOS;JACKELIN,ELIA, GELEN
6/08/2023;SAB_COCO;COCO;50G;2;GRAMOS;JACKELIN,ELIA, GELEN
6/08/2023;SAB_COCO;COCO;20G;225;GRAMOS;JACKELIN,ELIA, GELEN
6/08/2023;SAB_AGUA;AGUAYMANTO;90G;40;GRR;JACKELIN,ELIA, GELEN
6/08/2023;OSC_BIT60;BITTER 60%;20G;192;GRAMOS;JACKELIN,ELIA, GELEN
6/08/2023;SAB_BLANC;CHOCOLATE BLANCO;20G;178;GRAMOS;JACKELIN,ELIA, GELEN
6/07/2023;SUB_CAFE;NIBS DE CAFÉ;90G;85;GRAMOS;JACKELIN,ELIA
6/07/2023;SUB_CAFE;NIBS DE CAFÉ;50G;157;GRAMOS;JACKELIN,ELIA
6/07/2023;SUB_CAFE;NIBS DE CAFÉ;25G;3;GRAMOS;JACKELIN,ELIA
6/06/2023;SAB_COCO;COCO;90G;48;GRAMOS;JACKELIN,ELIA
6/06/2023;SAB_COCO;COCO;25G;173;GRAMOS;JACKELIN,ELIA
6/06/2023;OSC_BIT60;BITTER 60%;90G;56;GRAMOS;JACKELIN,ELIA
6/06/2023;OSC_BIT60;BITTER 60%;25G;122;GRAMOS;JACKELIN,ELIA
6/06/2023;DER_POLVO;POLVO;0.25KG;99;GRAMOS;JACKELIN,ELIA
6/05/2023;SAB_COCO;COCO;90G;46;GRAMOS;JACKELIN,ELIA
6/05/2023;SUB_CACAO;NIBS DE CACAO;90G;2;GRAMOS;JACKELIN,ELIA
6/05/2023;SUB_CACAO;NIBS DE CACAO;50G;3;GRAMOS;JACKELIN,ELIA
6/05/2023;SUB_CACAO;NIBS DE CACAO;25G;207;GRAMOS;JACKELIN,ELIA
6/05/2023;DER_POLVO;POLVO;0.25KG;99;KILOS;JACKELIN,ELIA
6/02/2023;SUB_CAFE;NIBS DE CAFÉ;22G;30;GRAMOS;JACKELIN,ELIA,GELEN
6/02/2023;OSC_BIT60;BITTER 60%;25G;271;GRAMOS;JACKELIN,ELIA,GELEN
6/02/2023;OSC_BIT60;BITTER 60%;20G;112;GRAMOS;JACKELIN,ELIA,GELEN
6/02/2023;OSC_BIT60;BITTER 60%;22G;4;GRAMOS;JACKELIN,ELIA,GELEN
6/02/2023;SAB_ARAND;ARANDANO;25G;40;GRAMOS;JACKELIN,ELIA,GELEN
6/02/2023;SAB_ARAND;ARANDANO;22G;144;GRAMOS;JACKELIN,ELIA,GELEN
6/02/2023;SAB_SALAM;SAL AMAZONICO;20G;16;GRAMOS;JACKELIN,ELIA,GELEN
6/02/2023;BEB_MUCIL;BEBIDA DE MUCILAGO;300ML;70;MILILITROS;JACKELIN,ELIA,GELEN
6/02/2023;SUB_CAFE;NIBS DE CAFÉ;25G;38;GRAMOS;JACKELIN,ELIA,GELEN
6/01/2023;SAB_LECHE;LECHE;90G;9;GRAMOS;JACKELIN,ELIA,GELEN
6/01/2023;SAB_NARAN;NARANJA;22G;167;GRAMOS;JACKELIN,ELIA,GELEN
31/05/2023;SAB_AGUA;AGUAYMANTO;25G;127;GRAMOS;JACKELIN,ELIA
31/05/2023;SAB_AGUA;AGUAYMANTO;20G;166;GRAMOS;JACKELIN,ELIA
31/05/2023;SUB_CAFE;NIBS DE CAFÉ;25G;9;GRAMOS;JACKELIN,ELIA
31/05/2023;SUB_CAFE;NIBS DE CAFÉ;20G;177;GRAMOS;JACKELIN,ELIA
30/05/2023;SAB_AGUA;AGUAYMANTO;90G;92;GRAMOS;JACKELIN,ELIA
30/05/2023;SAB_AGUA;AGUAYMANTO;50G;89;GRAMOS;JACKELIN,ELIA
30/05/2023;SAB_AGUA;AGUAYMANTO;25G;7;GRAMOS;JACKELIN,ELIA
30/05/2023;SAB_CAFELE;CAFÉ CON LECHE;90G;90;GRAMOS;JACKELIN,ELIA
30/05/2023;SAB_CAFELE;CAFÉ CON LECHE;50G;7;GRAMOS;JACKELIN,ELIA
30/05/2023;SAB_BLANC;CHOCOLATE BLANCO;50G;3;GRAMOS;JACKELIN,ELIA
30/05/2023;SAB_BLANC;CHOCOLATE BLANCO;25G;6;GRAMOS;JACKELIN,ELIA
30/05/2023;SAB_BLANC;CHOCOLATE BLANCO;20G;8;GRAMOS;JACKELIN,ELIA
28/05/2023;SAB_LECHE;LECHE;50G;8;GRAMOS;JACKELIN,ELIA,GELEN
28/05/2023;SAB_LECHE;LECHE;25G;14;GRAMOS;JACKELIN,ELIA,GELEN
28/05/2023;SAB_LECHE;LECHE;20G;166;GRAMOS;JACKELIN,ELIA,GELEN
28/05/2023;SAB_CAFELE;CAFÉ CON LECHE;50G;10;GRAMOS;JACKELIN,ELIA,GELEN
28/05/2023;SAB_CAFELE;CAFÉ CON LECHE;25G;149;GRAMOS;JACKELIN,ELIA,GELEN
28/05/2023;SAB_CAFELE;CAFÉ CON LECHE;20G;285;GRAMOS;JACKELIN,ELIA,GELEN
28/05/2023;SAB_CAFELE;CAFÉ CON LECHE;25G;305;GRAMOS;JACKELIN,ELIA,GELEN
28/05/2023;SAB_MLECHE;MANI CON LECHE;25G;117;GRAMOS;JACKELIN,ELIA,GELEN
28/05/2023;SAB_MLECHE;MANI CON LECHE;20G;64;GRAMOS;JACKELIN,ELIA,GELEN
26/05/2023;SAB_LECHE;LECHE;50G;135;GRAMOS;JACKELIN,ELIA
26/05/2023;SAB_MLECHE;MANI CON LECHE;50G;135;GRAMOS;JACKELIN,ELIA
26/05/2023;SAB_MLECHE;MANI CON LECHE;25G;159;GRAMOS;JACKELIN,ELIA
25/05/2023;SAB_LECHE;LECHE;90G;30;GRAMOS;JACKELIN,ELIA
25/05/2023;SAB_LECHE;LECHE;25G;467;GRAMOS;JACKELIN,ELIA
25/05/2023;SAB_CAFELE;CAFÉ CON LECHE;90G;46;GRAMOS;JACKELIN,ELIA
25/05/2023;SAB_CAFELE;CAFÉ CON LECHE;50G;2;GRAMOS;JACKELIN,ELIA
25/05/2023;SAB_CAFELE;CAFÉ CON LECHE;25G;3;GRAMOS;JACKELIN,ELIA
24/05/2023;SAB_LECHE;LECHE;90G;34;GRAMOS;JACKELIN,ELIA
24/05/2023;SAB_LECHE;LECHE;50G;123;GRAMOS;JACKELIN,ELIA
24/05/2023;SAB_LECHE;LECHE;25G;17;GRAMOS;JACKELIN,ELIA
23/05/2023;SOL_CHUCHO;CHUPETE CHOCOLATE;100ML;331;MILILITROS;JACKELIN,ELIA
22/05/2023;SOL_CHUCHO;CHUPETE CHOCOLATE;100ML;208;MILILITROS;JACKELIN,ELIA
20/05/2023;INS_TOSTADO;CACAO TOSTADO;0.15KG;17;KILOS;JACKELIN
19/05/2023;PURO_100;PASTA 100%;1KG;29;KILOS;JACKELIN,ELIA
19/05/2023;PURO_100;PASTA 100%;0.5KG;38;KILOS;JACKELIN,ELIA
19/05/2023;PURO_100;PASTA 100%;0.25KG;19;KILOS;JACKELIN,ELIA
19/05/2023;DER_MANT;MANTECA;150GR;13;GRAMOS;JACKELIN,ELIA
18/05/2023;SAB_BLANC;CHOCOLATE BLANCO;20G;7;GRAMOS;JACKELIN,ELIA
18/05/2023;SAB_PIŃA;PIŃA;20G;28;GRAMOS;JACKELIN,ELIA
18/05/2023;PURO_100;PASTA 100%;1KG;20;KILOS;JACKELIN,ELIA
18/05/2023;PURO_100;PASTA 100%;0.5KG;21;KILOS;JACKELIN,ELIA
17/05/2023;SAB_COCO;COCO;90G;4;GRAMOS;JACKELIN,ELIA
17/05/2023;SAB_COCO;COCO;25G;154;GRAMOS;JACKELIN,ELIA
17/05/2023;SUB_CACAO;NIBS DE CACAO;90G;3;GRAMOS;JACKELIN,ELIA
17/05/2023;SUB_CACAO;NIBS DE CACAO;25G;147;GRAMOS;JACKELIN,ELIA
17/05/2023;SUB_CAFE;NIBS DE CAFÉ;90G;39;GRAMOS;JACKELIN,ELIA
17/05/2023;SUB_CAFE;NIBS DE CAFÉ;25G;194;GRAMOS;JACKELIN,ELIA
17/05/2023;OSC_BIT60;BITTER 60%;90G;43;GRAMOS;JACKELIN,ELIA
16/05/2023;SAB_AGUA;AGUAYMANTO;90G;6;GRAMOS;JACKELIN,ELIA,GELEN
16/05/2023;SAB_AGUA;AGUAYMANTO;20G;168;GRAMOS;JACKELIN,ELIA,GELEN
16/05/2023;SUB_CACAO;NIBS DE CACAO;90G;50;GRAMOS;JACKELIN,ELIA,GELEN
16/05/2023;SUB_CACAO;NIBS DE CACAO;20G;164;GRAMOS;JACKELIN,ELIA,GELEN
16/05/2023;SAB_CAMU;CAMU CAMU;90G;45;GRAMOS;JACKELIN,ELIA,GELEN
15/05/2023;SAB_COCO;COCO;90G;1;GRAMOS;ELIA,GELEN,ELITA
15/05/2023;SAB_COCO;COCO;25G;36;GRAMOS;ELIA,GELEN,ELITA
15/05/2023;SAB_COCO;COCO;20G;168;GRAMOS;ELIA,GELEN,ELITA
15/05/2023;SAB_AGUA;AGUAYMANTO;90G;45;GRAMOS;ELIA,GELEN,ELITA
15/05/2023;SAB_AGUA;AGUAYMANTO;20G;168;GRAMOS;ELIA,GELEN,ELITA
15/05/2023;SUB_CAFE;NIBS DE CAFÉ;25G;29;GRAMOS;ELIA,GELEN,ELITA
15/05/2023;SUB_CAFE;NIBS DE CAFÉ;20G;166;GRAMOS;ELIA,GELEN,ELITA
15/05/2023;OSC_BIT60;BITTER 60%;20G;76;GRAMOS;ELIA,GELEN,ELITA
15/05/2023;OSC_BIT60;BITTER 60%;20G;167;GRAMOS;ELIA,GELEN,ELITA
15/05/2023;BEB_MUCIL;BEBIDA DE MUCILAGO;300ML;20;MILILITROS;ELIA,GELEN,ELITA
13/05/2023;SAB_AGUA;AGUAYMANTO;90G;3;GRAMOS;ELIA,JULIA
13/05/2023;SAB_AGUA;AGUAYMANTO;50G;60;GRAMOS;ELIA,JULIA
13/05/2023;SAB_CAMU;CAMU CAMU;90G;90;GRAMOS;ELIA,JULIA
5/12/2023;SAB_AGUA;AGUAYMANTO;20G;16;GRAMOS;JACKELIN,ELIA,GELEN
5/12/2023;SAB_AGUA;AGUAYMANTO;20G;9;GRAMOS;JACKELIN,ELIA,GELEN
5/12/2023;SOL_CHUCHO;CHUPETE CHOCOLATE;100ML;150;MILILITROS;JACKELIN,ELIA,GELEN
5/12/2023;DER_POLVO;POLVO;1KG;315;KILOS;JACKELIN,ELIA,GELEN
5/08/2023;PURO_100;PASTA 100%;0.25KG;39;KILOS;JACKELIN,ELIA,GELEN
5/08/2023;BEB_MUCIL;BEBIDA DE MUCILAGO;300ML;52;MILILITROS;JACKELIN,ELIA,GELEN
5/08/2023;DER_POLVO;POLVO;0.25KG;99;KILOS;JACKELIN,ELIA,GELEN
5/06/2023;PURO_100;PASTA 100%;1KG;16;KILOS;JACKELIN,ELIA
5/06/2023;PURO_100;PASTA 100%;0.5KG;40;KILOS;JACKELIN,ELIA
5/06/2023;PURO_100;PASTA 100%;0.25KG;1;KILOS;JACKELIN,ELIA
5/05/2023;OSC_BIT75;BITTER 75%;90G;36;GRAMOS;JACKELIN,ELIA
5/05/2023;PURO_100;PASTA 100%;1KG;10;GRAMOS;JACKELIN,ELIA
5/05/2023;PURO_100;PASTA 100%;0.5KG;1;KILOS;JACKELIN,ELIA
5/03/2023;SAB_AGUA;AGUAYMANTO;90G;45;GRAMOS;JACKELIN,ELIA
5/03/2023;SUB_CAFE;NIBS DE CAFÉ;90G;41;GRAMOS;JACKELIN,ELIA
5/03/2023;OSC_BIT60;BITTER 60%;90G;5;GRAMOS;JACKELIN,ELIA
5/03/2023;OSC_BIT60;BITTER 60%;1KG;16;KILOS;JACKELIN,ELIA
5/03/2023;SAB_CAMU;CAMU CAMU;90G;8;GRAMOS;JACKELIN,ELIA
5/02/2023;SAB_COCO;COCO;90G;9;GRAMOS;JACKELIN,ELIA
5/02/2023;SAB_COCO;COCO;25G;1;GRAMOS;JACKELIN,ELIA
5/02/2023;SAB_COCO;COCO;25G;335;GRAMOS;JACKELIN,ELIA
5/02/2023;SAB_AGUA;AGUAYMANTO;90G;46;GRAMOS;JACKELIN,ELIA
5/02/2023;SAB_AGUA;AGUAYMANTO;25G;166;GRAMOS;JACKELIN,ELIA
5/02/2023;SUB_CACAO;NIBS DE CACAO;90G;46;GRAMOS;JACKELIN,ELIA
5/02/2023;SUB_CACAO;NIBS DE CACAO;25G;166;GRAMOS;JACKELIN,ELIA
5/02/2023;SUB_CACAO;NIBS DE CACAO;25G;22;GRAMOS;JACKELIN,ELIA
29/04/2023;SAB_AGUA;AGUAYMANTO;90G;89;GRAMOS;JACKELIN,ELIA
29/04/2023;SAB_AGUA;AGUAYMANTO;50G;21;GRAMOS;JACKELIN,ELIA
29/04/2023;SOL_CHUCHO;CHUPETE CHOCOLATE;100ML;221;MILILITROS;JACKELIN,ELIA
28/04/2023;SAB_AGUA;AGUAYMANTO;90G;57;GRAMOS;JACKELIN,ELIA
28/04/2023;SAB_AGUA;AGUAYMANTO;20G;166;GRAMOS;JACKELIN,ELIA
28/04/2023;SAB_BLANC;CHOCOLATE BLANCO;18G;215;GRAMOS;JACKELIN,ELIA
28/04/2023;BEB_MUCIL;BEBIDA DE MUCILAGO;300ML;89;MILILITROS;JACKELIN,ELIA
26/04/2023;OSC_BIT60;BITTER 60%;1KG;2;KILOS;JACKELIN,ELIA
26/04/2023;SAB_BLANC;CHOCOLATE BLANCO;18G;215;GRAMOS;JACKELIN,ELIA
25/04/2023;SAB_CAFELE;CAFÉ CON LECHE;50G;26;GRAMOS;JACKELIN,ELIA
25/04/2023;SAB_CAFELE;CAFÉ CON LECHE;25G;209;GRAMOS;JACKELIN,ELIA
25/04/2023;SAB_CAFELE;CAFÉ CON LECHE;20G;47;GRAMOS;JACKELIN,ELIA
25/04/2023;PURO_100;PASTA 100%;1KG;31;KILOS;JACKELIN,ELIA
25/04/2023;PURO_100;PASTA 100%;0.25KG;45;KILOS;JACKELIN,ELIA
25/04/2023;DER_MANT;MANTECA;150GR;13;GRAMOS;JACKELIN,ELIA
24/04/2023;SAB_LECHE;LECHE ;90G;122;GRAMOS;JACKELIN,ELIA
24/04/2023;SAB_LECHE;LECHE ;25G;25;GRAMOS;JACKELIN,ELIA
24/04/2023;SAB_MLECHE;MANI CON LECHE;25G;103;GRAMOS;JACKELIN,ELIA
22/04/2023;INS_TOSTADO;CACAO TOSTADO;0.5KG;16;KILOS;JACKELIN,ELIA
22/04/2023;SAB_MLECHE;MANI CON LECHE;25G;36;GRAMOS;JACKELIN,ELIA
22/04/2023;SAB_MLECHE;MANI CON LECHE;20G;320;GRAMOS;JACKELIN,ELIA
21/04/2023;SAB_LECHE;LECHE;90G;45;GRAMOS;JACKELIN,ELIA
21/04/2023;SAB_LECHE;LECHE;25G;113;GRAMOS;JACKELIN,ELIA
21/04/2023;SAB_LECHE;LECHE;1KG;3;KILOS;JACKELIN,ELIA
21/04/2023;SAB_CAFELE;CAFÉ CON LECHE;90G;122;GRAMOS;JACKELIN,ELIA
21/04/2023;SAB_CAFELE;CAFÉ CON LECHE;50G;91;GRAMOS;JACKELIN,ELIA
21/04/2023;SAB_CAFELE;CAFÉ CON LECHE;25G;25;GRAMOS;JACKELIN,ELIA
21/04/2023;BEB_MUCIL;BEBIDA DE MUCILAGO;300ML;84;MILILITROS;JACKELIN,ELIA
20/04/2023;SAB_LECHE;LECHE;90G;135;GRAMOS;JACKELIN
20/04/2023;SAB_LECHE;LECHE;50G;98;GRAMOS;JACKELIN
20/04/2023;SOL_CHUCHO;CHUPETE CHOCOLATE;100ML;115;MILILITROS;JACKELIN
20/04/2023;SOL_CHUCHO;CHUPETE CHOCOLATE;100ML;102;MILILITROS;JACKELIN
20/04/2023;SOL_CHUCHO;CHUPETE CHOCOLATE;100ML;172;MILILITROS;JACKELIN
19/04/2023;SUB_CACAO;NIBS DE CACAO;90G;8;GRAMOS;JACKELIN,ELIA
19/04/2023;SUB_CACAO;NIBS DE CACAO;50G;5;GRAMOS;JACKELIN,ELIA
19/04/2023;SUB_CACAO;NIBS DE CACAO;20G;150;GRAMOS;JACKELIN,ELIA
19/04/2023;SAB_LECHE;LECHE;90G;41;GRAMOS;JACKELIN,ELIA
19/04/2023;OSC_BIT60;BITTER 60%;20G;150;GRAMOS;JACKELIN,ELIA
18/04/2023;SAB_AGUA;AGUAYMANTO;90G;45;GRAMOS;JACKELIN, ELIA
18/04/2023;SAB_AGUA;AGUAYMANTO;25G;8;GRAMOS;JACKELIN, ELIA
18/04/2023;SUB_CACAO;NIBS DE CACAO;25G;148;GRAMOS;JACKELIN, ELIA
18/04/2023;SUB_CAFE;NIBS DE CAFÉ;90G;80;GRAMOS;JACKELIN, ELIA
18/04/2023;SUB_CAFE;NIBS DE CAFÉ;50G;9;GRAMOS;JACKELIN, ELIA
18/04/2023;SUB_CAFE;NIBS DE CAFÉ;25G;309;GRAMOS;JACKELIN, ELIA
17/04/2023;SAB_AGUA;AGUAYMANTO;90G;90;GRAMOS;JACKELIN, ELIA
17/04/2023;SAB_AGUA;AGUAYMANTO;50G;7;GRAMOS;JACKELIN, ELIA
14/04/2023;SAB_AGUA;AGUAYMANTO;90G;45;GRAMOS;JACKELIN,ELIA
14/04/2023;SAB_AGUA;AGUAYMANTO;50G;4;GRAMOS;JACKELIN,ELIA
14/04/2023;SUB_CACAO;NIBS DE CACAO;90G;45;GRAMOS;JACKELIN,ELIA
14/04/2023;SUB_CACAO;NIBS DE CACAO;50G;8;GRAMOS;JACKELIN,ELIA
14/04/2023;OSC_BIT60;BITTER 60%;90G;44;GRAMOS;JACKELIN,ELIA
14/04/2023;BEB_MUCIL;BEBIDA DE MUCILAGO;300ML;48;MILILITROS;JACKELIN,ELIA
13/04/2023;SAB_AGUA;AGUAYMANTO;90G;45;GRAMOS;JACKELIN,ELIA
13/04/2023;SAB_AGUA;AGUAYMANTO;50G;5;GRAMOS;JACKELIN,ELIA
13/04/2023;SAB_CAMU;CAMU CAMU;90G;45;GRAMOS;JACKELIN,ELIA
4/12/2023;SAB_COCO;COCO;20G;162;GRAMOS;JACKELIN,ELIA
4/12/2023;SUB_CAFE;NIBS DE CAFÉ;25G;25;GRAMOS;JACKELIN,ELIA
4/12/2023;SUB_CAFE;NIBS DE CAFÉ;20G;162;GRAMOS;JACKELIN,ELIA
4/12/2023;OSC_BIT60;BITTER 60%;25G;124;GRAMOS;JACKELIN,ELIA
4/12/2023;SAB_PIŃA;PIŃA;20G;256;GRAMOS;JACKELIN,ELIA
4/11/2023;SAB_COCO;COCO;90G;49;GRAMOS;JACKELIN,ELIA
4/11/2023;SAB_COCO;COCO;25G;144;GRAMOS;JACKELIN,ELIA
4/11/2023;SAB_AGUA;AGUAYMANTO;90G;11;GRAMOS;JACKELIN,ELIA
4/11/2023;SAB_AGUA;AGUAYMANTO;25G;105;GRAMOS;JACKELIN,ELIA
4/11/2023;SAB_SALAM;SAL AMAZONICO;90G;43;GRAMOS;JACKELIN,ELIA
4/10/2023;SUB_CACAO;NIBS DE CACAO;25G;126;GRAMOS;JACKELIN,ELIA
4/10/2023;OSC_BIT60;BITTER 60%;50G;11;GRAMOS;JACKELIN,ELIA
4/10/2023;OSC_BIT60;BITTER 60%;25G;144;GRAMOS;JACKELIN,ELIA
4/10/2023;SAB_SALAM;SAL AMAZONICO;90G;81;GRAMOS;JACKELIN,ELIA
4/10/2023;SUB_CASCA;CASCARILLA;0.25KG;25;KILOS;JACKELIN,ELIA
4/10/2023;DER_POLVO;POLVO;0.25KG;99;KILOS;JACKELIN,ELIA
4/08/2023;SAB_AGUA;AGUAYMANTO;0.15G;40;GRAMOS;JACKELIN,ELIA
4/08/2023;SOL_CHUCHO;CHUPETE CHOCOLATE;100ML;182;MILILITROS;JACKELIN,ELIA
4/08/2023;SOL_CHUCHO;CHUPETE CHOCOLATE;100ML;97;MILILITROS;JACKELIN,ELIA
4/08/2023;DER_POLVO;POLVO;0.15KG;99;KILOS;JACKELIN,ELIA
4/05/2023;SAB_AGUA;AGUAYMANTO;50G;75;GRAMOS;JACKELIN,ELIA
4/05/2023;SAB_AGUA;AGUAYMANTO;25G;105;GRAMOS;JACKELIN,ELIA
4/04/2023;SUB_CAFE;NIBS DE CAFÉ;250GR;38;GRAMOS;JACKELIN,ELIA
4/04/2023;SAB_LECHE;LECHE;20G;165;GRAMOS;JACKELIN,ELIA
4/04/2023;OSC_BIT60;BITTER 60%;20G;166;GRAMOS;JACKELIN,ELIA
4/04/2023;SAB_MLECHE;MANI CON LECHE;20G;141;GRAMOS;JACKELIN,ELIA
4/04/2023;DER_POLVO;POLVO;0.25KG;56;KILOS;JACKELIN,ELIA
4/03/2023;SAB_LECHE;LECHE;20G;276;GRAMOS;JACKELIN,ELIA
4/03/2023;SAB_CAFELE;CAFÉ CON LECHE;20G;331;GRAMOS;JACKELIN,ELIA
4/01/2023;SAB_CAFELE;CAFÉ CON LECHE;20G;152;GRAMOS;JACKELIN,ELIA
4/01/2023;SAB_BLANC;CHOCOLATE BLANCO;20G;29;GRAMOS;JACKELIN,ELIA
4/01/2023;BEB_MUCIL;BEBIDA DE MUCILAGO;300ML;54;MILILITROS;JACKELIN,ELIA
4/01/2023;BEB_MUCIL;BEBIDA DE MUCILAGO;300ML;41;MILILITROS;JACKELIN,ELIA
31/03/2023;SAB_LECHE;LECHE;20G;48;GRAMOS;JACKELIN,ELIA
31/03/2023;SAB_BLANC;CHOCOLATE BLANCO;20G;152;GRAMOS;JACKELIN,ELIA
30/03/2023;SAB_LECHE;LECHE;20G;9;GRAMOS;JACKELIN,ELIA
30/03/2023;SAB_LECHE;LECHE;1KG;34;KILOS;JACKELIN,ELIA
29/03/2023;SAB_LECHE;LECHE;1KG;49;KILOS;JACKELIN,ELIA
29/03/2023;INS_TOSTADO;CACAO TOSTADO;0.5KG;17;KILOS;JACKELIN,ELIA
28/03/2023;SAB_LECHE;LECHE;1KG;10;KILOS;JACKELIN,ELIA
28/03/2023;SOL_CHUCHO;CHUPETE CHOCOLATE;100ML;339;MILILITROS;JACKELIN,ELIA
27/03/2023;SAB_AGUA;AGUAYMANTO;90G;88;GRAMOS;JACKELIN,ELIA
27/03/2023;SAB_AGUA;AGUAYMANTO;20G;35;GRAMOS;JACKELIN,ELIA
27/03/2023;PURO_100;PASTA 100%;1KG;16;KILOS;JACKELIN,ELIA
27/03/2023;PURO_100;PASTA 100%;0.25KG;3;KILOS;JACKELIN,ELIA
27/03/2023;DER_POLVO;POLVO;0.15KG;63;KILOS;JACKELIN,ELIA
25/03/2023;PURO_100;PASTA 100%;1KG;34;KILOS;JACKELIN,ELIA
25/03/2023;PURO_100;PASTA 100%;0.15KG;67;KILOS;JACKELIN,ELIA
25/03/2023;DER_POLVO;POLVO;5KG;5;KILOS;JACKELIN,ELIA
24/03/2023;SUB_CACAO;NIBS DE CACAO;90G;31;GRAMOS;JACKELIN,ELIA
24/03/2023;SUB_CACAO;NIBS DE CACAO;20G;78;GRAMOS;JACKELIN,ELIA
24/03/2023;SUB_CAFE;NIBS DE CAFÉ;90G;57;GRAMOS;JACKELIN,ELIA
24/03/2023;SUB_CAFE;NIBS DE CAFÉ;20G;166;GRAMOS;JACKELIN,ELIA
24/03/2023;SUB_CAFE;NIBS DE CAFÉ;1KG;4;KILOS;JACKELIN,ELIA
24/03/2023;OSC_BIT60;BITTER 60%;20G;77;GRAMOS;JACKELIN,ELIA
24/03/2023;OSC_BIT60;BITTER 60%;1KG;9;KILOS;JACKELIN,ELIA
23/03/2023;OSC_BIT60;BITTER 60%;90G;83;GRAMOS;JACKELIN,ELIA
23/03/2023;OSC_BIT60;BITTER 60%;20G;6;GRAMOS;JACKELIN,ELIA
23/03/2023;OSC_BIT60;BITTER 60%;1KG;15;KILOS;JACKELIN,ELIA
22/03/2023;SAB_AGUA;AGUAYMANTO;90G;90;GRAMOS;JACKELIN,ELIA
22/03/2023;SAB_AGUA;AGUAYMANTO;50G;8;GRAMOS;JACKELIN,ELIA
22/03/2023;SAB_AGUA;AGUAYMANTO;25G;211;GRAMOS;JACKELIN,ELIA
21/03/2023;SAB_CAFELE;CAFÉ CON LECHE;25G;42;GRAMOS;JACKELIN,ELIA
21/03/2023;SAB_CAFELE;CAFÉ CON LECHE;20G;102;GRAMOS;JACKELIN,ELIA
21/03/2023;SAB_MLECHE;MANI CON LECHE;25G;257;GRAMOS;JACKELIN,ELIA
21/03/2023;SAB_MLECHE;MANI CON LECHE;20G;54;GRAMOS;JACKELIN,ELIA
20/03/2023;SAB_LECHE;LECHE;50G;94;GRAMOS;JACKELIN,ELIA
20/03/2023;SAB_LECHE;LECHE;20G;105;GRAMOS;JACKELIN,ELIA
20/03/2023;SAB_CAFELE;CAFÉ CON LECHE;50G;144;GRAMOS;JACKELIN,ELIA
20/03/2023;SAB_CAFELE;CAFÉ CON LECHE;20G;61;GRAMOS;JACKELIN,ELIA
20/03/2023;SAB_MLECHE;MANI CON LECHE;25G;27;GRAMOS;JACKELIN,ELIA
20/03/2023;SAB_MLECHE;MANI CON LECHE;20G;168;GRAMOS;JACKELIN,ELIA
18/03/2023;SAB_LECHE;LECHE;90G;1;GRAMOS;JACKELIN,ELIA
18/03/2023;SAB_LECHE;LECHE;50G;76;GRAMOS;JACKELIN,ELIA
18/03/2023;SAB_CAFELE;CAFÉ CON LECHE;90G;87;GRAMOS;JACKELIN,ELIA
18/03/2023;SAB_CAFELE;CAFÉ CON LECHE;50G;4;GRAMOS;JACKELIN,ELIA
17/03/2023;SAB_LECHE;LECHE;90G;42; ;JACKELIN,ELIA
17/03/2023;SAB_LECHE;LECHE;25G;123; ;JACKELIN,ELIA
17/03/2023;SAB_CAFELE;CAFÉ CON LECHE;90G;58;GRAMOS;JACKELIN,ELIA
17/03/2023;SAB_CAFELE;CAFÉ CON LECHE;25G;127;GRAMOS;JACKELIN,ELIA
17/03/2023;BEB_MUCIL;BEBIDA DE MUCILAGO;300ML;86;MILILITROS;JACKELIN,ELIA
17/03/2023;PURO_SEL;CACAO SELECCIONADO;1KG;20;KILOS;JACKELIN,ELIA
16/03/2023;SAB_LECHE;LECHE;90G;86;GRAMOS;JACKELIN,ELIA
16/03/2023;SAB_LECHE;LECHE;25G;126;GRAMOS;JACKELIN,ELIA
15/03/2023;DER_POLVO;POLVO;0.25KG;99;KILOS;JACKELIN,ELIA
14/03/2023;SAB_BLANC;CHOCOLATE BLANCO;20G;106;UNIDADES;JACKELIN,ELIA
14/03/2023;SAB_BLANC;CHOCOLATE BLANCO;20G;70;UNIDADES;JACKELIN,ELIA
14/03/2023;SAB_BLANC;CHOCOLATE BLANCO;0.5KG;1;KILOS;JACKELIN,ELIA
13/03/2023;SUB_CASCA;CASCARILLA;1KG;10;KILOS;JACKELIN,ELIA
13/03/2023;SUB_CASCA;CASCARILLA;0.7KG;11;KILOS;JACKELIN,ELIA
13/03/2023;PURO_100;PASTA 100%;1KG;40;KILOS;JACKELIN,ELIA
13/03/2023;PURO_100;PASTA 100%;0.25KG;39;KILOS;JACKELIN,ELIA
3/11/2023;PURO_SEL;CACAO SELECCIONADO;5KG;5;KILOS;JACKELIN,ELIA
3/10/2023;SUB_CACAO;NIBS DE CACAO;0.25KG;41;KILOS;JACKELIN,ELIA
3/10/2023;DER_POLVO;POLVO;0.25KG;99;KILOS;JACKELIN,ELIA
3/09/2023;SUB_CACAO;NIBS DE CACAO;20G;27;KILOS;JACKELIN,ELIA
3/09/2023;SUB_CAFE;NIBS DE CAFÉ;20G;20;KILOS;JACKELIN,ELIA
3/08/2023;SOL_CHUCHO;CHUPETE CHOCOLATE;100ML;233;MILILITROS;JACKELINE, AQUINO LORENZO
3/08/2023;SOL_CHUCHO;CHUPETE CHOCOLATE;100ML;254;MILILITROS;JACKELINE, AQUINO LORENZO
3/07/2023;SOL_CHUCHO;CHUPETE CHOCOLATE;100ML;231;MILILITROS;JACKELIN,ELIA
3/06/2023;SUB_CACAO;NIBS DE CACAO;250GR;21;GRAMOS;JACKELIN,ELIA
3/04/2023;DER_POLVO;POLVO;0.25KG;25;KILOS;JACKELIN,ELIA
3/03/2023;SAB_COCO;COCO;90G;44;GRAMOS;JACKELIN,ELIA
3/03/2023;SAB_COCO;COCO;50G;3;GRAMOS;JACKELIN,ELIA
3/03/2023;SUB_CACAO;NIBS DE CACAO;90G;45;GRAMOS;JACKELIN,ELIA
3/03/2023;SUB_CACAO;NIBS DE CACAO;50G;3;GRAMOS;JACKELIN,ELIA
3/03/2023;SUB_CACAO;NIBS DE CACAO;20G;125;GRAMOS;JACKELIN,ELIA
3/03/2023;SAB_PIŃA;PIŃA;20G;150;GRAMOS;JACKELIN,ELIA
3/03/2023;BEB_MUCIL;BEBIDA DE MUCILAGO;300ML;54;MILILITROS;JACKELIN,ELIA
3/03/2023;BEB_MUCIL;BEBIDA DE MUCILAGO;300ML;11;MILILITROS;JACKELIN,ELIA
3/03/2023;DER_POLVO;POLVO;0.25KG;67;KILOS;JACKELIN,ELIA
3/02/2023;SAB_COCO;COCO;90G;2;GRAMOS;JACKELIN,ELIA
3/02/2023;SAB_COCO;COCO;50G;3;GRAMOS;JACKELIN,ELIA
3/02/2023;SAB_COCO;COCO;25G;119;GRAMOS;JACKELIN,ELIA
3/02/2023;SUB_CAFE;NIBS DE CAFÉ;25G;123;GRAMOS;JACKELIN,ELIA
3/02/2023;SAB_SALAM;SAL AMAZONICO;90G;87;GRAMOS;JACKELIN,ELIA
3/01/2023;SAB_AGUA;AGUAYMANTO;90G;88;GRAMOS;JACKELIN,AQUINO LORENZO
3/01/2023;SAB_AGUA;AGUAYMANTO;20G;126;GRAMOS;JACKELIN,AQUINO LORENZO
3/01/2023;SAB_BLANC;CHOCOLATE BLANCO;20G;104;GRAMOS;JACKELIN,AQUINO LORENZO
28/02/2023;OSC_BIT60;BITTER 60%;90G;4;GRAMOS;JACKELIN,ELIA
28/02/2023;OSC_BIT60;BITTER 60%;20G;128;GRAMOS;JACKELIN,ELIA
28/02/2023;SAB_BLANC;CHOCOLATE BLANCO;20G;96;GRAMOS;JACKELIN,ELIA
28/02/2023;SAB_CAMU;CAMU CAMU;90G;87;GRAMOS;JACKELIN,ELIA
27/02/2023;SAB_COCO;COCO;90G;3;GRAMOS;JACKELIN,ELIA
27/02/2023;SAB_COCO;COCO;50G;158;GRAMOS;JACKELIN,ELIA
27/02/2023;SAB_COCO;COCO;22G;13;GRAMOS;JACKELIN,ELIA
27/02/2023;SUB_CAFE;NIBS DE CAFÉ;90G;41;GRAMOS;JACKELIN,ELIA
27/02/2023;SUB_CAFE;NIBS DE CAFÉ;22G;16;GRAMOS;JACKELIN,ELIA
27/02/2023;SUB_CACAO;NIBS DE CACAO;1KG;1;KILOS;JACKELIN,ELIA
27/02/2023;OSC_BIT60;BITTER 60%;90G;45;GRAMOS;JACKELIN,ELIA
27/02/2023;OSC_BIT60;BITTER 60%;50G;4;GRAMOS;JACKELIN,ELIA
25/02/2023;SUB_CAFE;NIBS DE CAFÉ;90G;44;GRAMOS;JACKELIN,ELIA
25/02/2023;DER_POLVO;POLVO;0.25KG;70;KILOS;JACKELIN,ELIA
24/02/2023;SOL_CHUCHO;CHUPETE CHOCOLATE;100ML;198;MILILITROS;JACKELIN,ELIA
24/02/2023;SOL_CHUCHO;CHUPETE CHOCOLATE;100ML;159;MILILITROS;JACKELIN,ELIA
24/02/2023;BEB_MUCIL;BEBIDA DE MUCILAGO;300ML;75;MILILITROS;JACKELIN,ELIA
23/02/2023;SAB_AGUA;AGUAYMANTO;20G;165;GRAMOS;JACKELIN,ELIA
23/02/2023;SUB_CAFE;NIBS DE CAFÉ;20G;150;GRAMOS;JACKELIN,ELIA
23/02/2023;SAB_NARAN;NARANJA;20G;163;GRAMOS;JACKELIN,ELIA
23/02/2023;SAB_ARAND;ARANDANO;20G;168;GRAMOS;JACKELIN,ELIA
23/02/2023;DER_MANT;MANTECA;1KG;39;KILOS;JACKELIN,ELIA
22/02/2023;SUB_CAFE;NIBS DE CAFÉ;90G;46;GRAMOS;JACKELIN,ELIA
22/02/2023;OSC_BIT60;BITTER 60%;90G;44;GRAMOS;JACKELIN,ELIA
21/02/2023;SUB_CACAO;NIBS DE CACAO;0.25KG;40;KILOS;JACKELIN,ELIA
21/02/2023;INS_TOSTADO;CACAO TOSTADO;0.15KG;19;KILOS;JACKELIN,ELIA
21/02/2023;SUB_CASCA;CASCARILLA;0.7KG;10;KILOS;JACKELIN,ELIA
21/02/2023;DER_MANT;MANTECA;250GR;26;GRAMOS;JACKELIN,ELIA
20/02/2023;SUB_CACAO;NIBS DE CACAO;90G;85;GRAMOS;JACKELIN,ELIA
20/02/2023;SUB_CACAO;NIBS DE CACAO;50G;4;GRAMOS;JACKELIN,ELIA
20/02/2023;SUB_CACAO;NIBS DE CACAO;25G;2;GRAMOS;JACKELIN,ELIA
20/02/2023;SUB_CAFE;NIBS DE CAFÉ;25G;122;GRAMOS;JACKELIN,ELIA
20/02/2023;OSC_BIT60;BITTER 60%;25G;120;GRAMOS;JACKELIN,ELIA
20/02/2023;PURO_100;PASTA 100%;0.5KG;32;KILOS;JACKELIN,ELIA
20/02/2023;PURO_100;PASTA 100%;0.25KG;12;KILOS;JACKELIN,ELIA
18/02/2023;PURO_100;PASTA 100%;1KG;10;KILOS;JACKELIN,ELIA
18/02/2023;PURO_100;PASTA 100%;0.25KG;78;KILOS;JACKELIN,ELIA
25/01/2023;SAB_AGUA;AGUAYMANTO;25G;83;GRAMOS;JACKELINE,GELEN
25/01/2023;PURO_100;PASTA 100%;1KG;15;KILOS;JACKELINE,GELEN
25/01/2023;PURO_100;PASTA 100%;0.5KG;20;KILOS;JACKELINE,GELEN
25/01/2023;PURO_100;PASTA 100%;0.25KG;38;KILOS;JACKELINE,GELEN
24/01/2023;PURO_100;PASTA 100%;1KG;10;KILOS;JACKELINE,GELEN
24/01/2023;PURO_100;PASTA 100%;0.5KG;22;KILOS;JACKELINE,GELEN
24/01/2023;PURO_100;PASTA 100%;0.25KG;41;KILOS;JACKELINE,GELEN
23/01/2023;SOL_CHUCHO;CHUPETE CHOCOLATE;100ML;255;MILILITROS;JACKELINE,GELEN
23/01/2023;DER_MANT;MANTECA;250GR;28;GRAMOS;JACKELINE,GELEN
21/01/2023;SUB_CACAO;NIBS DE CACAO;50G;81;GRAMOS;JACKELINE,GELEN
21/01/2023;OSC_BIT60;BITTER 60%;90G;5;GRAMOS;JACKELINE,GELEN
21/01/2023;OSC_BIT60;BITTER 60%;50G;70;GRAMOS;JACKELINE,GELEN
21/01/2023;DER_POLVO;POLVO;0.25KG;107;KILOS;JACKELINE,GELEN
20/01/2023;SAB_AGUA;AGUAYMANTO;90G;39;GRAMOS;JACKELINE,GELEN
20/01/2023;SAB_AGUA;AGUAYMANTO;50G;7;GRAMOS;JACKELINE,GELEN
20/01/2023;SUB_CAFE;NIBS DE CAFÉ;90G;43;GRAMOS;JACKELINE,GELEN
20/01/2023;SUB_CAFE;NIBS DE CAFÉ;50G;82;GRAMOS;JACKELINE,GELEN
20/01/2023;OSC_BIT60;BITTER 60%;1KG;1;KILOS;JACKELINE,GELEN
19/01/2023;SAB_COCO;COCO;90G;45;GRAMOS;JACKELINE,GELEN
19/01/2023;SAB_AGUA;AGUAYMANTO;90G;37;GRAMOS;JACKELINE,GELEN
19/01/2023;SUB_CACAO;NIBS DE CACAO;90G;21;GRAMOS;JACKELINE,GELEN
19/01/2023;OSC_BIT60;BITTER 60%;90G;42;GRAMOS;JACKELINE,GELEN
18/01/2023;SAB_AGUA;AGUAYMANTO;90G;43;GRAMOS;JACKELINE,GELEN
18/01/2023;SUB_CACAO;NIBS DE CACAO;90G;44;GRAMOS;JACKELINE,GELEN
18/01/2023;SUB_CAFE;NIBS DE CAFÉ;90G;45;GRAMOS;JACKELINE,GELEN
18/01/2023;OSC_BIT60;BITTER 60%;90G;22;GRAMOS;JACKELINE,GELEN
17/02/2023;SOL_CHUCHO;CHUPETE CHOCOLATE;100ML;268;MILILITROS;JACKELIN,ELIA
17/02/2023;BEB_MUCIL;BEBIDA DE MUCILAGO;300ML;53;MILILITROS;JACKELIN,ELIA
17/02/2023;PURO_100;PASTA 100%;1KG;20;KILOS;JACKELIN,ELIA
17/02/2023;PURO_100;PASTA 100%;0.5KG;27;KILOS;JACKELIN,ELIA
17/02/2023;PURO_100;PASTA 100%;0.25KG;10;KILOS;JACKELIN,ELIA
17/02/2023;DER_POLVO;POLVO;0.25KG;99;KILOS;JACKELIN,ELIA
16/02/2023;SAB_AGUA;AGUAYMANTO;90G;82;GRAMOS;JACKELIN,ELIA
16/02/2023;PURO_100;PASTA 100%;1KG;25;KILOS;JACKELIN,ELIA
16/02/2023;PURO_100;PASTA 100%;0.5KG;11;KILOS;JACKELIN,ELIA
15/02/2023;SAB_COCO;COCO;90G;101;GRAMOS;JACKELIN,ELIA
15/02/2023;SAB_AGUA;AGUAYMANTO;25G;126;GRAMOS;JACKELIN,ELIA
15/02/2023;SAB_AGUA;AGUAYMANTO;90G;45;GRAMOS;JACKELIN,ELIA
15/02/2023;SAB_AGUA;AGUAYMANTO;50G;3;GRAMOS;JACKELIN,ELIA
15/02/2023;SAB_AGUA;AGUAYMANTO;25G;124;GRAMOS;JACKELIN,ELIA
14/02/2023;SAB_LECHE;LECHE;90G;43;GRAMOS;JACKELIN,ELIA
14/02/2023;SAB_LECHE;LECHE;20G;135;GRAMOS;JACKELIN,ELIA
14/02/2023;SAB_BLANC;CHOCOLATE BLANCO;20G;148;UNIDADES;JACKELIN,ELIA
13/02/2023;SAB_CAFELE;CAFÉ CON LECHE;50G;34;GRAMOS;JACKELINE,GELEN
13/02/2023;SAB_CAFELE;CAFÉ CON LECHE;20G;128;GRAMOS;JACKELINE,GELEN
13/02/2023;SAB_MLECHE;MANI CON LECHE;20G;128;GRAMOS;JACKELINE,GELEN
2/11/2023;SAB_CAFELE;CAFÉ CON LECHE ;50G;79;GRAMOS;JACKELIN, DENIS
2/11/2023;SAB_MLECHE;MANI CON LECHE;25G ;124;GRAMOS;JACKELIN, DENIS
2/11/2023;SUB_CASCA;CASCARILLA;250GR;10;GRAMOS;JACKELIN, DENIS
2/11/2023;BEB_MUCIL;BEBIDA DE MUCILAGO;300ML;11;MILILITROS;JACKELIN, DENIS
2/10/2023;SAB_LECHE;LECHE;90G;32;GRAMOS;JACKELIN,GELEN
2/10/2023;SAB_LECHE;LECHE;25G;18;GRAMOS;JACKELIN,GELEN
2/10/2023;SAB_LECHE;LECHE;20G;40;GRAMOS;JACKELIN,GELEN
2/10/2023;SAB_CAFELE;CAFÉ CON LECHE;90G;32;GRAMOS;JACKELIN,GELEN
2/10/2023;SAB_CAFELE;CAFÉ CON LECHE;25G;18;GRAMOS;JACKELIN,GELEN
2/10/2023;SAB_CAFELE;CAFÉ CON LECHE;20G;56;GRAMOS;JACKELIN,GELEN
2/10/2023;SAB_MANI;MANÍ;25G;106;GRAMOS;JACKELIN,GELEN
2/10/2023;SAB_MANI;MANÍ;20G;38;GRAMOS;JACKELIN,GELEN
2/09/2023;SUB_CACAO;NIBS DE CACAO;250GR;25;GRAMOS;JACKELIN,GELEN
2/09/2023;SAB_LECHE;LECHE;90G;36;GRAMOS;JACKELIN,GELEN
2/09/2023;SAB_LECHE;LECHE;90G;98;GRAMOS;JACKELIN,GELEN
2/09/2023;SAB_LECHE;LECHE;25G;248;GRAMOS;JACKELIN,GELEN
2/09/2023;DER_POLVO;POLVO;250GR;31;GRAMOS;JACKELIN,GELEN
2/08/2023;SAB_LECHE;LECHE;90G;102;GRAMOS;JACKELIN,GELEN
2/08/2023;SAB_LECHE;LECHE;25G;249;GRAMOS;JACKELIN,GELEN
2/08/2023;SAB_CAFELE;CAFÉ CON LECHE;90G;35;GRAMOS;JACKELIN,GELEN
2/08/2023;SAB_CAFELE;CAFÉ CON LECHE;25G;32;GRAMOS;JACKELIN,GELEN
2/07/2023;SAB_AGUA;AGUAYMANTO;90G;7;GRAMOS;JACK, GELEN
2/07/2023;SAB_AGUA;AGUAYMANTO;20G;3;GRAMOS;JACK, GELEN
2/07/2023;SUB_CACAO;NIBS DE CACAO;20G;54;GRAMOS;JACK, GELEN
2/07/2023;OSC_BIT60;BITTER 60%;90G;30;GRAMOS;JACK, GELEN
2/07/2023;OSC_BIT60;BITTER 60%;20G;64;GRAMOS;JACK, GELEN
2/07/2023;SOL_CHUCHO;CHUPETE CHOCOLATE;100ML;200;MILILITROS;JACK, GELEN
2/07/2023;SOL_CHUCHO;CHUPETE CHOCOLATE;100ML;111;MILILITROS;JACK, GELEN
2/07/2023;DER_POLVO;POLVO;0.25KG;38;KILOS;JACK, GELEN
2/06/2023;SAB_COCO;COCO;90G;6;GRAMOS;JACKELIN, GELEN
2/06/2023;SAB_COCO;COCO;50G;8;GRAMOS;JACKELIN, GELEN
2/06/2023;SAB_COCO;COCO;20G;48;GRAMOS;JACKELIN, GELEN
2/06/2023;SAB_AGUA;AGUAYMANTO;90G;26;GRAMOS;JACKELIN, GELEN
2/06/2023;SAB_AGUA;AGUAYMANTO;20G;63;GRAMOS;JACKELIN, GELEN
2/06/2023;SUB_CAFE;NIBS DE CAFÉ;50G;4;GRAMOS;JACKELIN, GELEN
2/06/2023;SUB_CAFE;NIBS DE CAFÉ;20G;148;GRAMOS;JACKELIN, GELEN
2/06/2023;OSC_BIT60;BITTER 60%;90G;14;GRAMOS;JACKELIN, GELEN
2/06/2023;OSC_BIT60;BITTER 60%;20G;64;GRAMOS;JACKELIN, GELEN
2/06/2023;SAB_CAMU;CAMU CAMU;90G;46;GRAMOS;JACKELIN, GELEN
2/04/2023;SUB_CACAO;NIBS DE CACAO;25G;126;GRAMOS;JACKELIN,GELEN
2/04/2023;OSC_BIT60;BITTER 60%;1KG;10;KILOS;JACKELIN,GELEN
2/03/2023;SAB_AGUA;AGUAYMANTO;90G;46;GRAMOS;JACKELIN,GELEN
2/03/2023;SUB_CACAO;NIBS DE CACAO;90G;45;GRAMOS;JACKELIN,GELEN
2/03/2023;SUB_CAFE;NIBS DE CAFÉ;90G;46;GRAMOS;JACKELIN,GELEN
2/03/2023;SUB_CAFE;NIBS DE CAFÉ;25G;119;GRAMOS;JACKELIN,GELEN
2/02/2023;SAB_COCO;COCO;90G;45;GRAMOS;JACKELIN,GELEN
2/02/2023;SAB_AGUA;AGUAYMANTO;25G;126;GRAMOS;JACKELIN,GELEN
2/02/2023;SUB_CACAO;NIBS DE CACAO;250GR;14;GRAMOS;JACKELIN,GELEN
2/02/2023;OSC_BIT60;BITTER 60%;90G;12;GRAMOS;JACKELIN,GELEN
2/02/2023;OSC_BIT60;BITTER 60%;25G;125;GRAMOS;JACKELIN,GELEN
2/02/2023;SUB_CASCA;CASCARILLA;1KG;5;KILOS;JACKELIN,GELEN
2/02/2023;PURO_100;PASTA 100%;1KG;13;KILOS;JACKELIN,GELEN
2/02/2023;PURO_100;PASTA 100%;0.5KG;30;KILOS;JACKELIN,GELEN
2/01/2023;SUB_CACAO;NIBS DE CACAO;2.5KG;1;KILOS;JACKELIN
2/01/2023;OSC_BIT60;BITTER 60%;1KG;10;KILOS;JACKELIN
2/01/2023;DER_POLVO;POLVO;2.5KG;1;KILOS;JACKELIN
31/01/2023;INS_TOSTADO;CACAO TOSTADO;1KG;17;KILOS;JACKELIN,GELEN
31/01/2023;SOL_CHUCHO;CHUPETE CHOCOLATE;100ML;252;MILILITROS;JACKELIN,GELEN
31/01/2023;PURO_100;PASTA 100%;0.6KG;6;KILOS;JACKELIN,GELEN
31/01/2023;DER_POLVO;POLVO;1KG;1;KILOS;JACKELIN,GELEN
30/01/2023;PURO_100;PASTA 100%;1KG;38;KILOS;JACKELIN,GELEN
30/01/2023;DER_POLVO;POLVO;1KG;1;KILOS;JACKELIN,GELEN
27/01/2023;SAB_COCO;COCO;25G;72;GRAMOS;JACKELIN,GELEN
27/01/2023;SAB_COCO;COCO;20G;4;GRAMOS;JACKELIN,GELEN
27/01/2023;SAB_AGUA;AGUAYMANTO;25G;12;GRAMOS;JACKELIN,GELEN
27/01/2023;SUB_CAFE;NIBS DE CAFÉ;25G;18;GRAMOS;JACKELIN,GELEN
27/01/2023;SUB_CAFE;NIBS DE CAFÉ;20G;5;GRAMOS;JACKELIN,GELEN
27/01/2023;SUB_CASCA;CASCARILLA;0.7KG;12;KILOS;JACKELIN,GELEN
27/01/2023;PURO_100;PASTA 100%;1KG;1;KILOS;JACKELIN,GELEN
26/01/2023;SAB_COCO;COCO;25G;108;GRAMOS;JACKELIN,GELEN
26/01/2023;SAB_AGUA;AGUAYMANTO;25G;117;GRAMOS;JACKELIN,GELEN
26/01/2023;PURO_100;PASTA 100%;1KG;20;KILOS;JACKELIN,GELEN
26/01/2023;PURO_100;PASTA 100%;0.5KG;36;KILOS;JACKELIN,GELEN
26/01/2023;PURO_100;PASTA 100%;0.25KG;3;KILOS;JACKELIN,GELEN
26/01/2023;PURO_100;PASTA 100%;0.2KG;1;KILOS;JACKELIN,GELEN
8/01/2024;PURO_100;PASTA 100%;1KG;19;KILOS;JACKELIN
8/01/2024;PURO_100;PASTA 100%;0.25KG;3;KILOS;JACKELIN
9/01/2024;PURO_100;PASTA 100%;90G;27;GRAMOS;JACKELIN, ELENA
9/01/2024;PURO_100;PASTA 100%;1KG;31;KILOS;JACKELIN, ELENA
9/01/2024;PURO_100;PASTA 100%;0.5KG;14;KILOS;JACKELIN, ELENA
9/01/2024;PURO_100;PASTA 100%;0.25KG;2;KILOS;JACKELIN, ELENA
9/01/2024;SOL_CHUCHO;CHUPETE CHOCOLATE;100ML;245;MILILITROS;JACKELIN, ELENA
5/01/2024;PURO_100;PASTA 100%;0.5KG;20;KILOS;JACKELIN, MARIELA
16/01/2024;PURO_100;PASTA 100%;1KG;28;KILOS;JACKELIN, MARIELA
16/01/2024;PURO_100;PASTA 100%;0.5KG;61;KILOS;JACKELIN, MARIELA
16/01/2024;PURO_100;PASTA 100%;0.25KG;63;KILOS;JACKELIN, MARIELA
16/01/2024;PURO_100;PASTA 100%;0.15KG;67;KILOS;JACKELIN, MARIELA
17/01/2024;PURO_100;PASTA 100%;0.5KG;25;KILOS;MARIELA, JACKELIN
17/01/2024;PURO_100;PASTA 100%;0.25KG;79;KILOS;MARIELA, JACKELIN
19/01/2024;SAB_COCO;COCO;90G;57;GRAMOS;MARIELA, JACKELIN
19/01/2024;SAB_AGUA;AGUAYMANTO;90G;62;GRAMOS;MARIELA, JACKELIN
19/01/2024;OSC_BIT60;BITTER 60 %;90G;73;GRAMOS;MARIELA, JACKELIN
19/01/2024;OSC_BIT60;BITTER 60 %;50G;24;GRAMOS;MARIELA, JACKELIN
19/01/2024;OSC_BIT60;BITTER 60 %;1KG;11;KILOS;MARIELA, JACKELIN
19/01/2024;BEB_MUCIL;BEBIDA DE MUCILAGO;300ML;80;MILILITROS;MARIELA, JACKELIN
20/01/2024;SAB_COCO;COCO;50G;64;GRAMOS;MARIELA, JACKELIN
20/01/2024;OSC_BIT60;BITTER 60 %;90G;19;GRAMOS;MARIELA, JACKELIN
20/01/2024;OSC_BIT60;BITTER 60 %;50G;60;GRAMOS;MARIELA, JACKELIN
20/01/2024;OSC_BIT60;BITTER 60 %;1KG;9;KILOS;MARIELA, JACKELIN
22/01/2024;SUB_CACAO;NIBS DE CACAO;25G;90;GRAMOS;MARIELA, JACKELIN
22/01/2024;SUB_CACAO;NIBS DE CACAO;20G;34;GRAMOS;MARIELA, JACKELIN
22/01/2024;SUB_CAFE;NIBS DE CAFÉ;90G;18;GRAMOS;MARIELA, JACKELIN
22/01/2024;SUB_CAFE;NIBS DE CAFÉ;25G;90;GRAMOS;MARIELA, JACKELIN
22/01/2024;SUB_CAFE;NIBS DE CAFÉ;20G;29;GRAMOS;MARIELA, JACKELIN
22/01/2024;OSC_BIT80;BITTER 80 %;90G;43;GRAMOS;MARIELA, JACKELIN
22/01/2024;SAB_SALAM;SAL AMAZONICO;90G;39;GRAMOS;MARIELA, JACKELIN
23/01/2024;SAB_COCO;COCO;25G;189;GRAMOS;MARIELA, JACKELIN
23/01/2024;SAB_COCO;COCO;20G;192;GRAMOS;MARIELA, JACKELIN
23/01/2024;SAB_AGUA;AGUAYMANTO;25G;8;GRAMOS;MARIELA, JACKELIN
23/01/2024;SAB_AGUA;AGUAYMANTO;20G;192;GRAMOS;MARIELA, JACKELIN
23/01/2024;SUB_CACAO;NIBS DE CACAO;25G;9;GRAMOS;MARIELA, JACKELIN
23/01/2024;SUB_CACAO;NIBS DE CACAO;20G;192;GRAMOS;MARIELA, JACKELIN
24/01/2024;SUB_CAFE;NIBS DE CAFÉ;90G;58;GRAMOS;MARIELA, JACKELIN
24/01/2024;OSC_BIT60;BITTER 60 %;90G;56;GRAMOS;MARIELA, JACKELIN
24/01/2024;SAB_SALAM;SAL AMAZONICO;90G;86;GRAMOS;MARIELA, JACKELIN
24/01/2024;DER_MANT;MANTECA;0.15KG;12;KILOS;MARIELA, JACKELIN
25/01/2024;SAB_COCO;COCO;90G;51;GRAMOS;MARIELA, JACKELIN
25/01/2024;SAB_COCO;COCO;50G;100;GRAMOS;MARIELA, JACKELIN
25/01/2024;SUB_CAFE;NIBS DE CAFÉ;90G;57;GRAMOS;MARIELA, JACKELIN
25/01/2024;SUB_CAFE;NIBS DE CAFÉ;50G;4;GRAMOS;MARIELA, JACKELIN
25/01/2024;OSC_BIT60;BITTER 60 %;90G;54;GRAMOS;MARIELA, JACKELIN
25/01/2024;OSC_BIT60;BITTER 60 %;50G;100;GRAMOS;MARIELA, JACKELIN
26/01/2024;SUB_CACAO;NIBS DE CACAO;25G;88;GRAMOS;JACKELIN
26/01/2024;SUB_CACAO;NIBS DE CACAO;20G;9;GRAMOS;JACKELIN
26/01/2024;OSC_BIT60;BITTER 60 %;25G;69;GRAMOS;JACKELIN
26/01/2024;OSC_BIT60;BITTER 60 %;20G;104;GRAMOS;JACKELIN
26/01/2024;SOL_CHUCHO;CHUPETE CHOCOLATE;100ML;252;MILILITROS;JACKELIN
26/01/2024;DER_POLVO;POLVO;0.25KG;360;KILOS;JACKELIN
27/01/2024;SAB_LECHE;LECHE;25G;122;GRAMOS;JACKELIN
27/01/2024;SAB_CAFELE;CAFÉ CON LECHE;20G;45;GRAMOS;JACKELIN
27/01/2024;OSC_BIT60;BITTER 60 %;25G;122;GRAMOS;JACKELIN
27/01/2024;OSC_BIT60;BITTER 60 %;20G;40;GRAMOS;JACKELIN
29/01/2024;SAB_CAFELE;CAFÉ CON LECHE;90G;114;GRAMOS;JACKELIN
29/01/2024;SAB_CAFELE;CAFÉ CON LECHE;25G;80;GRAMOS;JACKELIN
29/01/2024;SAB_CAFELE;CAFÉ CON LECHE;20G;101;GRAMOS;JACKELIN
29/01/2024;SAB_MLECHE;MANI CON LECHE;25G;90;GRAMOS;JACKELIN
29/01/2024;SAB_MLECHE;MANI CON LECHE;20G;95;GRAMOS;JACKELIN
30/01/2024;PURO_100;PASTA 100%;90G;37;GRAMOS;MARIELA, JACKELIN
30/01/2024;PURO_100;PASTA 100%;50G;205;GRAMOS;MARIELA, JACKELIN
30/01/2024;PURO_100;PASTA 100%;1KG;3;GRAMOS;MARIELA, JACKELIN
30/01/2024;PURO_100;PASTA 100%;0.5KG;42;KILOS;MARIELA, JACKELIN
30/01/2024;PURO_100;PASTA 100%;0.25KG;42;KILOS;MARIELA, JACKELIN
30/01/2024;PURO_100;PASTA 100%;0.15KG;67;KILOS;MARIELA, JACKELIN
31/01/2024;SAB_LECHE;LECHE;25G;131;GRAMOS;JACKELIN, SAIDA
31/01/2024;SAB_LECHE;LECHE;20G;144;GRAMOS;JACKELIN, SAIDA
31/01/2024;SAB_CAFELE;CAFÉ CON LECHE;25G;119;GRAMOS;JACKELIN, SAIDA
31/01/2024;SAB_CAFELE;CAFÉ CON LECHE;20G;152;GRAMOS;JACKELIN, SAIDA
31/01/2024;PURO_100;PASTA 100%;0.25KG;45;KILOS;JACKELIN, SAIDA
2/02/2024;SAB_LECHE;LECHE;25G;45;GRAMOS;JACKELIN, SAIDA
2/02/2024;SAB_LECHE;LECHE;20G;93;GRAMOS;JACKELIN, SAIDA
2/02/2024;SAB_MLECHE;MANI CON LECHE;25G;374;GRAMOS;JACKELIN, SAIDA
3/02/2024;SAB_LECHE;LECHE;90G;82;GRAMOS;JACKELIN, SAIDA
3/02/2024;SAB_LECHE;LECHE;50G;13;GRAMOS;JACKELIN, SAIDA
3/02/2024;SAB_LECHE;LECHE;20G;205;GRAMOS;JACKELIN, SAIDA
10/05/2024;PURO_100;PASTA 100%;1KG;17;KILOS;JACKELIN
10/05/2024;PURO_100;PASTA 100%;0.5KG;55;KILOS;JACKELIN
10/05/2024;PURO_100;PASTA 100%;0.25KG;63;KILOS;JACKELIN
16/05/2024;SOL_CHUCHO;CHUPETE CHOCOLATE;100ML;278;MILILITROS;JACKELIN
17/05/2024;SOL_CHUCHO;CHUPETE CHOCOLATE;100ML;258;MILILITROS;JACKELIN
19/05/2024;SAB_AGUA;AGUAYMANTO;90G;46;GRAMOS;JACKELIN
19/05/2024;SAB_AGUA;AGUAYMANTO;20G;4;GRAMOS;JACKELIN
19/05/2024;SAB_LECHE;LECHE;90G;21;GRAMOS;JACKELIN
19/05/2024;SAB_LECHE;LECHE;20G;11;GRAMOS;JACKELIN
21/05/2024;SAB_LECHE;LECHE;20G;153;GRAMOS;JACKELIN
21/05/2024;SAB_CAFELE;CAFÉ CON LECHE;90G;21;GRAMOS;JACKELIN
21/05/2024;SAB_CAFELE;CAFÉ CON LECHE;20G;216;GRAMOS;JACKELIN
23/05/2024;SAB_AGUA;AGUAYMANTO;90G;37;GRAMOS;JACKELIN, DARWIN
23/05/2024;OSC_BIT60;BITTER 60 %;90G;99;GRAMOS;JACKELIN, DARWIN
23/05/2024;OSC_BIT82;BITTER 82 %;90G;37;GRAMOS;JACKELIN, DARWIN
24/05/2024;SAB_COCO;COCO;90G;105;GRAMOS;JACKELIN
24/05/2024;SUB_CAFE;NIBS DE CAFÉ;90G;59;GRAMOS;JACKELIN
24/05/2024;SAB_LECHE;LECHE;90G;28;GRAMOS;JACKELIN
24/05/2024;SAB_ARAND;ARANDANO;90G;24;GRAMOS;JACKELIN
24/05/2024;SAB_NARAN;NARANJA;90G;56;GRAMOS;JACKELIN
24/05/2024;OSC_PURO60;PURO 60 %;90G;58;GRAMOS;JACKELIN
29/05/2024;SUB_CAFE;NIBS DE CAFÉ;90G;11;GRAMOS;JACKELIN
29/05/2024;SUB_CAFE;NIBS DE CAFÉ;50G;8;GRAMOS;JACKELIN
29/05/2024;SUB_CAFE;NIBS DE CAFÉ;25G;45;GRAMOS;JACKELIN
29/05/2024;SUB_CAFE;NIBS DE CAFÉ;20G;80;GRAMOS;JACKELIN
29/05/2024;OSC_BIT60;BITTER 60 %;90G;11;GRAMOS;JACKELIN
29/05/2024;OSC_BIT60;BITTER 60 %;50G;8;GRAMOS;JACKELIN
29/05/2024;OSC_BIT60;BITTER 60 %;25G;45;GRAMOS;JACKELIN
29/05/2024;OSC_BIT60;BITTER 60 %;20G;120;GRAMOS;JACKELIN
29/05/2024;SOL_CHUCHO;CHUPETE CHOCOLATE;100ML;273;MILILITROS;JACKELIN
29/05/2024;OSC_BIT80;BITTER 80 %;90G;37;GRAMOS;JACKELIN
29/05/2024;OSC_BIT80;BITTER 80 %;50G;6;GRAMOS;JACKELIN
29/05/2024;PURO_100;PASTA 100%;1KG;31;KILOS;JACKELIN
29/05/2024;PURO_100;PASTA 100%;0.5KG;5;KILOS;JACKELIN
29/05/2024;PURO_100;PASTA 100%;0.25KG;1;KILOS;JACKELIN
30/05/2024;OSC_BIT75;BITTER 75 %;90G;14;GRAMOS;JACKELIN
30/05/2024;PURO_100;PASTA 100%;90G;38;GRAMOS;JACKELIN
30/05/2024;PURO_100;PASTA 100%;1KG;14;KILOS;JACKELIN
30/05/2024;PURO_100;PASTA 100%;0.25KG;75;KILOS;JACKELIN
31/05/2024;OSC_BIT75;BITTER 75 %;90G;4;GRAMOS;JACKELIN, DARWIN
31/05/2024;SAB_SALAM;SAL AMAZONICO;90G;15;GRAMOS;JACKELIN, DARWIN
3/06/2024;BEB_MUCIL;BEBIDA DE MUCILAGO;300ML;65;MILILITROS;JACKELIN, DARWIN
3/06/2024;SOL_CHUCHO;CHUPETE CHOCOLATE;100ML;277;MILILITROS;JACKELIN, DARWIN
4/06/2024;SAB_COCO;COCO;50G;28;GRAMOS;JACKELIN
4/06/2024;SAB_COCO;COCO;20G;88;GRAMOS;JACKELIN
4/06/2024;SAB_AGUA;AGUAYMANTO;50G;31;GRAMOS;JACKELIN
4/06/2024;SAB_AGUA;AGUAYMANTO;20G;103;GRAMOS;JACKELIN
4/06/2024;SUB_CAFE;NIBS DE CAFÉ;50G;23;GRAMOS;JACKELIN
4/06/2024;SUB_CAFE;NIBS DE CAFÉ;20G;80;GRAMOS;JACKELIN
5/06/2024;PURO_100;PASTA 100%;1KG;35;KILOS;JACKELIN, DARWIN
5/06/2024;PURO_100;PASTA 100%;0.5KG;18;KILOS;JACKELIN, DARWIN
5/06/2024;PURO_100;PASTA 100%;0.25KG;1;KILOS;JACKELIN, DARWIN
5/06/2024;PURO_100;PASTA 100%;0.2KG;50;KILOS;JACKELIN, DARWIN
7/06/2024;PURO_100;PASTA 100%;1KG;25;KILOS;JACKELIN, DARWIN
7/06/2024;PURO_100;PASTA 100%;0.5KG;21;KILOS;JACKELIN, DARWIN
7/06/2024;PURO_100;PASTA 100%;0.25KG;101;KILOS;JACKELIN, DARWIN
8/06/2024;PURO_100;PASTA 100%;0.5KG;26;KILOS;DARWIN
12/06/2024;SAB_AGUA;AGUAYMANTO;90G;20;GRAMOS;DARWIN
12/06/2024;SAB_AGUA;AGUAYMANTO;25G;27;GRAMOS;DARWIN
12/06/2024;SAB_AGUA;AGUAYMANTO;20G;40;GRAMOS;DARWIN
12/06/2024;SUB_CAFE;NIBS DE CAFÉ;25G;34;GRAMOS;DARWIN
12/06/2024;SUB_CAFE;NIBS DE CAFÉ;20G;104;GRAMOS;DARWIN
12/06/2024;OSC_BIT60;BITTER 60 %;1KG;10;GRAMOS;DARWIN
13/06/2024;SAB_COCO;COCO;90G;22;GRAMOS;DARWIN
13/06/2024;SAB_COCO;COCO;50G;24;GRAMOS;DARWIN
13/06/2024;SAB_COCO;COCO;25G;36;GRAMOS;DARWIN
13/06/2024;SAB_COCO;COCO;20G;97;GRAMOS;DARWIN
13/06/2024;SUB_CAFE;NIBS DE CAFÉ;90G;39;GRAMOS;DARWIN
13/06/2024;SUB_CAFE;NIBS DE CAFÉ;50G;24;GRAMOS;DARWIN
13/06/2024;SUB_CAFE;NIBS DE CAFÉ;25G;3;GRAMOS;DARWIN
13/06/2024;SUB_CAFE;NIBS DE CAFÉ;20G;88;GRAMOS;DARWIN
13/06/2024;SAB_LECHE;LECHE;90G;10;GRAMOS;DARWIN
13/06/2024;OSC_BIT60;BITTER 60 %;1KG;10;KILOS;DARWIN
14/06/2024;SUB_CACAO;NIBS DE CACAO;90G;20;GRAMOS;DARWIN, ELIA SILVA
14/06/2024;SUB_CACAO;NIBS DE CACAO;50G;20;GRAMOS;DARWIN, ELIA SILVA
14/06/2024;SUB_CACAO;NIBS DE CACAO;25G;27;GRAMOS;DARWIN, ELIA SILVA
14/06/2024;OSC_BIT60;BITTER 60 %;90G;14;GRAMOS;DARWIN, ELIA SILVA
14/06/2024;OSC_BIT60;BITTER 60 %;50G;28;GRAMOS;DARWIN, ELIA SILVA
14/06/2024;OSC_BIT60;BITTER 60 %;25G;45;GRAMOS;DARWIN, ELIA SILVA
14/06/2024;SAB_SALQUI;SAL Y QUINUA;90G;20;GRAMOS;DARWIN, ELIA SILVA
14/06/2024;SAB_SALQUI;SAL Y QUINUA;50G;20;GRAMOS;DARWIN, ELIA SILVA
14/06/2024;SAB_SALQUI;SAL Y QUINUA;25G;27;GRAMOS;DARWIN, ELIA SILVA
14/06/2024;SAB_SALQUI;SAL Y QUINUA;20G;24;GRAMOS;DARWIN, ELIA SILVA
14/06/2024;SAB_SALAM;SAL AMAZONICO;90G;20;GRAMOS;DARWIN, ELIA SILVA
14/06/2024;SAB_SALAM;SAL AMAZONICO;50G;20;GRAMOS;DARWIN, ELIA SILVA
14/06/2024;SAB_SALAM;SAL AMAZONICO;25G;27;GRAMOS;DARWIN, ELIA SILVA
14/06/2024;SAB_SALAM;SAL AMAZONICO;20G;18;GRAMOS;DARWIN, ELIA SILVA
15/06/2024;SAB_LECHE;LECHE;20G;104;GRAMOS;DARWIN
17/06/2024;SOL_CHUCHO;CHUPETE CHOCOLATE;100ML;511;MILILITROS;JACKELIN, DARWIN
18/06/2024;SAB_COCO;COCO;50G;87;GRAMOS;JACKELIN, DARWIN
18/06/2024;SAB_COCO;COCO;25G;36;GRAMOS;JACKELIN, DARWIN
18/06/2024;SAB_COCO;COCO;20G;153;GRAMOS;JACKELIN, DARWIN
18/06/2024;SUB_CACAO;NIBS DE CACAO;50G;36;GRAMOS;JACKELIN, DARWIN
18/06/2024;SUB_CACAO;NIBS DE CACAO;25G;36;GRAMOS;JACKELIN, DARWIN
18/06/2024;SUB_CACAO;NIBS DE CACAO;20G;80;GRAMOS;JACKELIN, DARWIN
18/06/2024;OSC_BIT60;BITTER 60 %;50G;36;GRAMOS;JACKELIN, DARWIN
18/06/2024;OSC_BIT60;BITTER 60 %;25G;32;GRAMOS;JACKELIN, DARWIN
18/06/2024;OSC_BIT60;BITTER 60 %;20G;88;GRAMOS;JACKELIN, DARWIN
19/06/2024;SAB_LECHE;LECHE;90G;13;GRAMOS;JACKELIN, DARWIN
19/06/2024;SAB_LECHE;LECHE;50G;16;GRAMOS;JACKELIN, DARWIN
19/06/2024;SAB_LECHE;LECHE;20G;30;GRAMOS;JACKELIN, DARWIN
19/06/2024;SAB_CAFELE;CAFÉ CON LECHE;50G;6;GRAMOS;JACKELIN, DARWIN
19/06/2024;SAB_CAFELE;CAFÉ CON LECHE;20G;14;GRAMOS;JACKELIN, DARWIN
19/06/2024;SAB_NARAN;NARANJA;90G;12;GRAMOS;JACKELIN, DARWIN
19/06/2024;SAB_NARAN;NARANJA;0.22G;126;KILOS;JACKELIN, DARWIN
19/06/2024;SAB_ARAND;ARANDANO;90G;11;GRAMOS;JACKELIN, DARWIN
19/06/2024;SAB_ARAND;ARANDANO;0.22KG;128;KILOS;JACKELIN, DARWIN
20/06/2024;SUB_CACAO;NIBS DE CACAO;25G;144;GRAMOS;JACKELIN, DARWIN
20/06/2024;SUB_CACAO;NIBS DE CACAO;20G;36;GRAMOS;JACKELIN, DARWIN
20/06/2024;SUB_CAFE;NIBS DE CAFÉ;25G;283;GRAMOS;JACKELIN, DARWIN
20/06/2024;SUB_CAFE;NIBS DE CAFÉ;20G;55;GRAMOS;JACKELIN, DARWIN
20/06/2024;OSC_BIT60;BITTER 60 %;25G;125;GRAMOS;JACKELIN, DARWIN
20/06/2024;OSC_BIT60;BITTER 60 %;20G;36;GRAMOS;JACKELIN, DARWIN
20/06/2024;PURO_100;PASTA 100%;0.25KG;51;KILOS;JACKELIN, DARWIN
21/06/2024;OSC_BIT75;BITTER 75 %;90G;42;GRAMOS;JACKELIN, DARWIN
21/06/2024;PURO_100;PASTA 100%;90G;114;GRAMOS;JACKELIN, DARWIN
21/06/2024;PURO_100;PASTA 100%;1KG;21;GRAMOS;JACKELIN, DARWIN
21/06/2024;PURO_100;PASTA 100%;0.5KG;1;KILOS;JACKELIN, DARWIN
21/06/2024;PURO_100;PASTA 100%;0.25KG;68;KILOS;JACKELIN, DARWIN
22/06/2024;SAB_COCO;COCO;90G;49;GRAMOS;JACKELIN
22/06/2024;SAB_COCO;COCO;50G;1;GRAMOS;JACKELIN
22/06/2024;SUB_CACAO;NIBS DE CACAO;90G;50;GRAMOS;JACKELIN
22/06/2024;SUB_CAFE;NIBS DE CAFÉ;90G;51;GRAMOS;JACKELIN
22/06/2024;SUB_CAFE;NIBS DE CAFÉ;50G;2;GRAMOS;JACKELIN
22/06/2024;OSC_BIT60;BITTER 60 %;90G;51;GRAMOS;JACKELIN
23/06/2024;SAB_COCO;COCO;90G;33;GRAMOS;JACKELIN, DARWIN
23/06/2024;SAB_COCO;COCO;50G;40;GRAMOS;JACKELIN, DARWIN
23/06/2024;SUB_CACAO;NIBS DE CACAO;90G;38;GRAMOS;JACKELIN, DARWIN
23/06/2024;SUB_CACAO;NIBS DE CACAO;50G;35;GRAMOS;JACKELIN, DARWIN
23/06/2024;SAB_LECHE;LECHE;90G;80;GRAMOS;JACKELIN, DARWIN
23/06/2024;SAB_LECHE;LECHE;50G;51;GRAMOS;JACKELIN, DARWIN
23/06/2024;SAB_CAFELE;CAFÉ CON LECHE;90G;79;GRAMOS;JACKELIN, DARWIN
23/06/2024;SAB_CAFELE;CAFÉ CON LECHE;50G;50;GRAMOS;JACKELIN, DARWIN
25/06/2024;SUB_CACAO;NIBS DE CACAO;25G;42;GRAMOS;JACKELIN, DARWIN
25/06/2024;SUB_CACAO;NIBS DE CACAO;20G;153;GRAMOS;JACKELIN, DARWIN
25/06/2024;SUB_CAFE;NIBS DE CAFÉ;25G;25;GRAMOS;JACKELIN, DARWIN
25/06/2024;SUB_CAFE;NIBS DE CAFÉ;20G;32;GRAMOS;JACKELIN, DARWIN
25/06/2024;SUB_CAFE;NIBS DE CAFÉ;0.22G;128;GRAMOS;JACKELIN, DARWIN
26/06/2024;SAB_LECHE;LECHE;90G;60;GRAMOS;JACKELIN, DARWIN
26/06/2024;SAB_LECHE;LECHE;25G;180;GRAMOS;JACKELIN, DARWIN
26/06/2024;SAB_CAFELE;CAFÉ CON LECHE;90G;50;GRAMOS;JACKELIN, DARWIN
26/06/2024;SAB_CAFELE;CAFÉ CON LECHE;25G;180;GRAMOS;JACKELIN, DARWIN
26/06/2024;SAB_CAFELE;CAFÉ CON LECHE;20G;63;GRAMOS;JACKELIN, DARWIN
26/06/2024;SAB_SALAM;SAL AMAZONICO;90G;30;GRAMOS;JACKELIN, DARWIN
26/06/2024;SAB_SALAM;SAL AMAZONICO;25G;61;GRAMOS;JACKELIN, DARWIN
26/06/2024;SAB_MLECHE;MANI CON LECHE;25G;99;GRAMOS;JACKELIN, DARWIN
26/06/2024;SAB_MLECHE;MANI CON LECHE;20G;32;GRAMOS;JACKELIN, DARWIN
27/06/2024;SOL_CHUCHO;CHUPETE CHOCOLATE;100ML;523;MILILITROS;JACKELIN
28/06/2024;SAB_LECHE;LECHE;50G;8;GRAMOS;JACKELIN, DARWIN
28/06/2024;SAB_LECHE;LECHE;25G;36;GRAMOS;JACKELIN, DARWIN
28/06/2024;SAB_LECHE;LECHE;20G;176;GRAMOS;JACKELIN, DARWIN
28/06/2024;SAB_CAFELE;CAFÉ CON LECHE;50G;8;GRAMOS;JACKELIN, DARWIN
28/06/2024;SAB_CAFELE;CAFÉ CON LECHE;25G;36;GRAMOS;JACKELIN, DARWIN
28/06/2024;SAB_CAFELE;CAFÉ CON LECHE;20G;176;GRAMOS;JACKELIN, DARWIN
28/06/2024;SAB_MLECHE;MANI CON LECHE;25G;63;GRAMOS;JACKELIN, DARWIN
28/06/2024;SAB_MLECHE;MANI CON LECHE;20G;176;GRAMOS;JACKELIN, DARWIN
28/06/2024;SAB_PIŃA;PIŃA;20G;24;GRAMOS;JACKELIN, DARWIN
28/06/2024;SAB_PIŃA;PIŃA;0.22G;176;GRAMOS;JACKELIN, DARWIN
29/06/2024;SAB_LECHE;LECHE;50G;76;GRAMOS;JACKELIN, DARWIN
29/06/2024;SAB_LECHE;LECHE;20G;184;GRAMOS;JACKELIN, DARWIN
3/07/2024;SAB_COCO;COCO;90G;24;GRAMOS;DARWIN
3/07/2024;SUB_CAFE;NIBS DE CAFÉ;90G;30;GRAMOS;DARWIN
3/07/2024;SUB_CAFE;NIBS DE CAFÉ;50G;20;GRAMOS;DARWIN
3/07/2024;SUB_CAFE;NIBS DE CAFÉ;20G;18;GRAMOS;DARWIN
3/07/2024;SAB_ARAND;ARANDANO;90G;45;GRAMOS;DARWIN
3/07/2024;SAB_ARAND;ARANDANO;50G;15;GRAMOS;DARWIN
3/07/2024;SAB_ARAND;ARANDANO;20G;24;GRAMOS;DARWIN
3/07/2024;SAB_NARAN;NARANJA;90G;29;GRAMOS;DARWIN
3/07/2024;SAB_NARAN;NARANJA;20G;16;GRAMOS;DARWIN
4/07/2024;SAB_COCO;COCO;90G;15;GRAMOS;DARWIN
4/07/2024;SAB_COCO;COCO;50G;20;GRAMOS;DARWIN
4/07/2024;SAB_COCO;COCO;25G;63;GRAMOS;DARWIN
4/07/2024;SAB_COCO;COCO;20G;62;GRAMOS;DARWIN
4/07/2024;SAB_AGUA;AGUAYMANTO;90G;44;GRAMOS;DARWIN
4/07/2024;SAB_AGUA;AGUAYMANTO;50G;40;GRAMOS;DARWIN
4/07/2024;SAB_AGUA;AGUAYMANTO;25G;53;GRAMOS;DARWIN
4/07/2024;SAB_AGUA;AGUAYMANTO;20G;70;GRAMOS;DARWIN
4/07/2024;SUB_CAFE;NIBS DE CAFÉ;90G;22;GRAMOS;DARWIN
4/07/2024;SUB_CAFE;NIBS DE CAFÉ;20G;4;GRAMOS;DARWIN
4/07/2024;SAB_NARAN;NARANJA;90G;1;GRAMOS;DARWIN
4/07/2024;SAB_NARAN;NARANJA;50G;20;GRAMOS;DARWIN
4/07/2024;SAB_NARAN;NARANJA;25G;63;GRAMOS;DARWIN
4/07/2024;SAB_NARAN;NARANJA;20G;64;GRAMOS;DARWIN
5/07/2024;SUB_CAFE;NIBS DE CAFÉ;90G;36;GRAMOS;DARWIN
5/07/2024;SUB_CAFE;NIBS DE CAFÉ;50G;24;GRAMOS;DARWIN
5/07/2024;SUB_CAFE;NIBS DE CAFÉ;20G;24;GRAMOS;DARWIN
5/07/2024;OSC_BIT60;BITTER 60 %;90G;44;GRAMOS;DARWIN
5/07/2024;OSC_BIT60;BITTER 60 %;25G;18;GRAMOS;DARWIN
5/07/2024;OSC_BIT60;BITTER 60 %;20G;24;GRAMOS;DARWIN
5/07/2024;SAB_SALAM;SAL AMAZONICO;90G;34;GRAMOS;DARWIN
5/07/2024;SAB_SALAM;SAL AMAZONICO;25G;45;GRAMOS;DARWIN
5/07/2024;SAB_SALAM;SAL AMAZONICO;20G;8;GRAMOS;DARWIN
5/07/2024;SAB_ARAND;ARANDANO;90G;39;GRAMOS;DARWIN
5/07/2024;SAB_ARAND;ARANDANO;20G;32;GRAMOS;DARWIN
6/07/2024;SAB_AGUA;AGUAYMANTO;90G;47;GRAMOS;DARWIN
6/07/2024;SAB_AGUA;AGUAYMANTO;50G;32;GRAMOS;DARWIN
6/07/2024;SAB_AGUA;AGUAYMANTO;25G;54;GRAMOS;DARWIN
6/07/2024;SAB_AGUA;AGUAYMANTO;20G;64;GRAMOS;DARWIN
10/07/2024;SUB_CACAO;NIBS DE CACAO;90G;8;GRAMOS;DARWIN, ELENA
10/07/2024;SUB_CACAO;NIBS DE CACAO;50G;40;GRAMOS;DARWIN, ELENA
10/07/2024;SUB_CACAO;NIBS DE CACAO;20G;32;GRAMOS;DARWIN, ELENA
10/07/2024;OSC_BIT60;BITTER 60 %;90G;30;GRAMOS;DARWIN, ELENA
10/07/2024;OSC_BIT60;BITTER 60 %;50G;80;GRAMOS;DARWIN, ELENA
10/07/2024;OSC_BIT60;BITTER 60 %;25G;2;GRAMOS;DARWIN, ELENA
10/07/2024;OSC_BIT60;BITTER 60 %;20G;48;GRAMOS;DARWIN, ELENA
10/07/2024;SOL_CHUCHO;CHUPETE CHOCOLATE;100ML;243;MILILITROS;DARWIN, ELENA
10/07/2024;PURO_100;PASTA 100%;50G;60;GRAMOS;DARWIN, ELENA
11/07/2024;SUB_CACAO;NIBS DE CACAO;90G;40;GRAMOS;JACKELIN, DARWIN
11/07/2024;SUB_CACAO;NIBS DE CACAO;50G;20;GRAMOS;JACKELIN, DARWIN
11/07/2024;SUB_CAFE;NIBS DE CAFÉ;90G;79;GRAMOS;JACKELIN, DARWIN
11/07/2024;SUB_CAFE;NIBS DE CAFÉ;50G;64;GRAMOS;JACKELIN, DARWIN
11/07/2024;OSC_BIT60;BITTER 60 %;90G;66;GRAMOS;JACKELIN, DARWIN
11/07/2024;OSC_BIT60;BITTER 60 %;50G;80;GRAMOS;JACKELIN, DARWIN
12/07/2024;OSC_BIT60;BITTER 60 %;1KG;2;KILOS;JACKELIN, DARWIN
12/07/2024;PURO_100;PASTA 100%;1KG;14;KILOS;JACKELIN, DARWIN
12/07/2024;PURO_100;PASTA 100%;0.5KG;41;KILOS;JACKELIN, DARWIN
12/07/2024;PURO_100;PASTA 100%;0.25KG;122;KILOS;JACKELIN, DARWIN
13/07/2024;SAB_COCO;COCO;90G;46;GRAMOS;JACKELIN, DARWIN
13/07/2024;SAB_COCO;COCO;20G;88;GRAMOS;JACKELIN, DARWIN
13/07/2024;SAB_AGUA;AGUAYMANTO;90G;46;GRAMOS;JACKELIN, DARWIN
13/07/2024;SAB_AGUA;AGUAYMANTO;20G;80;GRAMOS;JACKELIN, DARWIN
13/07/2024;SAB_LECHE;LECHE;90G;46;GRAMOS;JACKELIN, DARWIN
13/07/2024;SAB_LECHE;LECHE;20G;9;GRAMOS;JACKELIN, DARWIN
13/07/2024;OSC_BIT75;BITTER 75 %;90G;45;GRAMOS;JACKELIN, DARWIN
13/07/2024;OSC_BIT75;BITTER 75 %;20G;8;GRAMOS;JACKELIN, DARWIN
15/07/2024;SAB_LECHE;LECHE;90G;46;GRAMOS;JACKELIN, DARWIN
15/07/2024;SAB_LECHE;LECHE;20G;135;GRAMOS;JACKELIN, DARWIN
15/07/2024;SAB_CAFELE;CAFÉ CON LECHE;90G;134;GRAMOS;JACKELIN, DARWIN
15/07/2024;SAB_CAFELE;CAFÉ CON LECHE;20G;248;GRAMOS;JACKELIN, DARWIN
16/07/2024;SAB_LECHE;LECHE;50G;124;GRAMOS;JACKELIN, DARWIN, GELEN
16/07/2024;SAB_LECHE;LECHE;25G;175;GRAMOS;JACKELIN, DARWIN, GELEN
16/07/2024;SAB_CAFELE;CAFÉ CON LECHE;50G;36;GRAMOS;JACKELIN, DARWIN, GELEN
16/07/2024;SAB_CAFELE;CAFÉ CON LECHE;25G;135;GRAMOS;JACKELIN, DARWIN, GELEN
16/07/2024;PURO_100;PASTA 100%;1KG;10;KILOS;JACKELIN, DARWIN, GELEN
16/07/2024;PURO_100;PASTA 100%;0.5KG;30;KILOS;JACKELIN, DARWIN, GELEN
16/07/2024;PURO_100;PASTA 100%;0.25KG;104;KILOS;JACKELIN, DARWIN, GELEN
17/07/2024;SAB_LECHE;LECHE;25G;160;GRAMOS;JACKELIN, DARWIN, GELEN
17/07/2024;SAB_LECHE;LECHE;20G;71;GRAMOS;JACKELIN, DARWIN, GELEN
17/07/2024;SAB_CAFELE;CAFÉ CON LECHE;25G;68;GRAMOS;JACKELIN, DARWIN, GELEN
17/07/2024;SAB_CAFELE;CAFÉ CON LECHE;20G;122;GRAMOS;JACKELIN, DARWIN, GELEN
17/07/2024;SAB_MLECHE;MANI CON LECHE;25G;350;GRAMOS;JACKELIN, DARWIN, GELEN
17/07/2024;SAB_MLECHE;MANI CON LECHE;20G;120;GRAMOS;JACKELIN, DARWIN, GELEN
17/07/2024;PURO_100;PASTA 100%;1KG;5;KILOS;JACKELIN, DARWIN, GELEN
18/07/2024;SOL_CHUCHO;CHUPETE CHOCOLATE;100ML;558;MILILITROS;JACKELIN, DARWIN, GELEN
19/07/2024;SAB_COCO;COCO;90G;64;GRAMOS;JACKELIN, DARWIN, GELEN
19/07/2024;SAB_COCO;COCO;25G;296;GRAMOS;JACKELIN, DARWIN, GELEN
19/07/2024;SAB_AGUA;AGUAYMANTO;90G;66;GRAMOS;JACKELIN, DARWIN, GELEN
19/07/2024;SAB_AGUA;AGUAYMANTO;25G;252;GRAMOS;JACKELIN, DARWIN, GELEN
19/07/2024;OSC_BIT60;BITTER 60 %;1KG;10;GRAMOS;JACKELIN, DARWIN, GELEN
19/07/2024;PURO_100;PASTA 100%;90G;48;GRAMOS;JACKELIN, DARWIN, GELEN
19/07/2024;PURO_100;PASTA 100%;0.5KG;1;KILOS;JACKELIN, DARWIN, GELEN
20/07/2024;SUB_CACAO;NIBS DE CACAO;50G;52;GRAMOS;JACKELIN, DARWIN, GELEN
20/07/2024;SUB_CACAO;NIBS DE CACAO;20G;197;GRAMOS;JACKELIN, DARWIN, GELEN
20/07/2024;SUB_CAFE;NIBS DE CAFÉ;50G;44;GRAMOS;JACKELIN, DARWIN, GELEN
20/07/2024;SUB_CAFE;NIBS DE CAFÉ;20G;174;GRAMOS;JACKELIN, DARWIN, GELEN
20/07/2024;OSC_BIT60;BITTER 60 %;50G;39;GRAMOS;JACKELIN, DARWIN, GELEN
20/07/2024;OSC_BIT60;BITTER 60 %;20G;199;GRAMOS;JACKELIN, DARWIN, GELEN
20/07/2024;OSC_BIT60;BITTER 60 %;1KG;6;KILOS;JACKELIN, DARWIN, GELEN
22/07/2024;SAB_COCO;COCO;50G;40;GRAMOS;JACKELIN, DARWIN, GELEN
22/07/2024;SAB_COCO;COCO;20G;203;GRAMOS;JACKELIN, DARWIN, GELEN
22/07/2024;SAB_AGUA;AGUAYMANTO;20G;96;GRAMOS;JACKELIN, DARWIN, GELEN
23/07/2024;SAB_COCO;COCO;90G;46;GRAMOS;JACKELIN, DARWIN, GELEN
23/07/2024;SAB_COCO;COCO;25G;88;GRAMOS;JACKELIN, DARWIN, GELEN
23/07/2024;SAB_AGUA;AGUAYMANTO;90G;92;GRAMOS;JACKELIN, DARWIN, GELEN
23/07/2024;SAB_AGUA;AGUAYMANTO;25G;173;GRAMOS;JACKELIN, DARWIN, GELEN
23/07/2024;SUB_CACAO;NIBS DE CACAO;90G;46;GRAMOS;JACKELIN, DARWIN, GELEN
23/07/2024;SUB_CACAO;NIBS DE CACAO;25G;87;GRAMOS;JACKELIN, DARWIN, GELEN
23/07/2024;SUB_CAFE;NIBS DE CAFÉ;90G;46;GRAMOS;JACKELIN, DARWIN, GELEN
23/07/2024;SUB_CAFE;NIBS DE CAFÉ;25G;82;GRAMOS;JACKELIN, DARWIN, GELEN
23/07/2024;OSC_BIT60;BITTER 60 %;90G;41;GRAMOS;JACKELIN, DARWIN, GELEN
23/07/2024;OSC_BIT60;BITTER 60 %;25G;85;GRAMOS;JACKELIN, DARWIN, GELEN
24/07/2024;PURO_100;PASTA 100%;90G;142;GRAMOS;JACKELIN, DARWIN, GELEN
24/07/2024;PURO_100;PASTA 100%;1KG;14;KILOS;JACKELIN, DARWIN, GELEN
24/07/2024;PURO_100;PASTA 100%;0.5KG;33;KILOS;JACKELIN, DARWIN, GELEN
24/07/2024;PURO_100;PASTA 100%;0.25KG;104;KILOS;JACKELIN, DARWIN, GELEN
25/07/2024;SAB_AGUA;AGUAYMANTO;90G;19;GRAMOS;JACKELIN, DARWIN, GELEN
25/07/2024;SAB_AGUA;AGUAYMANTO;25G;118;GRAMOS;JACKELIN, DARWIN, GELEN
25/07/2024;SAB_AGUA;AGUAYMANTO;20G;80;GRAMOS;JACKELIN, DARWIN, GELEN
25/07/2024;SUB_CACAO;NIBS DE CACAO;90G;19;GRAMOS;JACKELIN, DARWIN, GELEN
25/07/2024;SUB_CACAO;NIBS DE CACAO;25G;117;GRAMOS;JACKELIN, DARWIN, GELEN
25/07/2024;SUB_CACAO;NIBS DE CACAO;20G;74;GRAMOS;JACKELIN, DARWIN, GELEN
25/07/2024;OSC_BIT60;BITTER 60 %;90G;40;GRAMOS;JACKELIN, DARWIN, GELEN
25/07/2024;OSC_BIT60;BITTER 60 %;25G;231;GRAMOS;JACKELIN, DARWIN, GELEN
25/07/2024;OSC_BIT60;BITTER 60 %;20G;117;GRAMOS;JACKELIN, DARWIN, GELEN
25/07/2024;SAB_SALAM;SAL AMAZONICO;90G;40;GRAMOS;JACKELIN, DARWIN, GELEN
25/07/2024;SAB_SALAM;SAL AMAZONICO;25G;226;GRAMOS;JACKELIN, DARWIN, GELEN
26/07/2024;SOL_CHUCHO;CHUPETE CHOCOLATE;100ML;545;MILILITROS;DARWIN, GELEN, ELENA
30/07/2024;SOL_CHUCHO;CHUPETE CHOCOLATE;100ML;530;MILILITROS;DARWIN, GELEN, ELENA
